{"stats":{"minecraft:mined":{"minecraft:black_stained_glass":2,"minecraft:tuff":9,"minecraft:furnace":1,"minecraft:mossy_cobblestone":1,"biomesoplenty:toadstool":1,"minecraft:iron_ore":10,"minecraft:andesite":1,"treechop:chopped_log":2,"biomesoplenty:fir_log":2,"minecraft:granite":4,"minecraft:grass":3,"minecraft:grass_block":8,"minecraft:coal_ore":22,"biomesoplenty:fir_leaves":1,"minecraft:gravel":4,"minecraft:dirt":12,"minecraft:stone":64,"minecraft:deepslate_copper_ore":2,"minecraft:bricks":1,"minecraft:gold_ore":6,"minecraft:deepslate":10},"minecraft:picked_up":{"biomesoplenty:toadstool":1,"minecraft:raw_iron":10,"minecraft:andesite":1,"minecraft:gravel":3,"biomesoplenty:fir_log":4,"minecraft:flint":1,"minecraft:tuff":9,"minecraft:string":1,"minecraft:spider_eye":1,"minecraft:dirt":20,"minecraft:mossy_cobblestone":1,"minecraft:raw_copper":5,"minecraft:wheat_seeds":1,"minecraft:cobbled_deepslate":10,"minecraft:raw_gold":6,"minecraft:granite":4,"quark:black_shard":8,"minecraft:mutton":7,"minecraft:bricks":1,"minecraft:coal":26,"minecraft:white_wool":4,"minecraft:cobblestone":64,"minecraft:furnace":1},"minecraft:used":{"minecraft:cooked_mutton":2,"minecraft:bricks":1,"minecraft:iron_shovel":8,"minecraft:stone_pickaxe":114,"minecraft:iron_pickaxe":22,"minecraft:wooden_pickaxe":4,"biomesoplenty:toadstool":1,"minecraft:iron_sword":11,"minecraft:mossy_cobblestone":1,"minecraft:dirt":12,"minecraft:crafting_table":1,"minecraft:furnace":2,"tombstone:gift":1},"minecraft:dropped":{"quark:black_shard":8},"minecraft:custom":{"minecraft:time_since_rest":10548,"minecraft:interact_with_furnace":10,"minecraft:sprint_one_cm":69995,"minecraft:damage_taken":300,"minecraft:walk_one_cm":54716,"minecraft:mob_kills":5,"minecraft:drop":2,"minecraft:damage_dealt":480,"minecraft:interact_with_crafting_table":9,"minecraft:swim_one_cm":11334,"minecraft:fly_one_cm":81492,"minecraft:open_chest":1,"minecraft:crouch_one_cm":3272,"minecraft:play_time":24847,"minecraft:deaths":1,"minecraft:sneak_time":1415,"minecraft:walk_under_water_one_cm":2608,"minecraft:jump":466,"minecraft:leave_game":2,"minecraft:time_since_death":11562,"minecraft:walk_on_water_one_cm":2220,"minecraft:total_world_time":24847,"minecraft:fall_one_cm":19874},"minecraft:killed":{"minecraft:sheep":4,"minecraft:spider":1},"minecraft:crafted":{"biomesoplenty:fir_planks":16,"minecraft:crafting_table":1,"minecraft:stick":12,"minecraft:wooden_pickaxe":1,"minecraft:iron_ingot":10,"minecraft:iron_pickaxe":1,"minecraft:stone_pickaxe":1,"minecraft:wooden_axe":1,"minecraft:iron_sword":1,"minecraft:iron_shovel":1,"minecraft:furnace":1,"minecraft:cooked_mutton":7,"minecraft:air":0}},"DataVersion":3465}