{"stats":{"minecraft:mined":{"minecraft:black_stained_glass":2,"minecraft:furnace":1,"minecraft:mossy_cobblestone":1,"biomesoplenty:toadstool":1,"minecraft:iron_ore":10,"treechop:chopped_log":2,"biomesoplenty:fir_log":2,"minecraft:grass":2,"minecraft:grass_block":1,"minecraft:coal_ore":22,"biomesoplenty:fir_leaves":1,"minecraft:dirt":3,"minecraft:stone":11,"minecraft:bricks":1},"minecraft:picked_up":{"biomesoplenty:toadstool":1,"minecraft:raw_iron":10,"biomesoplenty:fir_log":4,"minecraft:spider_eye":1,"minecraft:dirt":4,"minecraft:string":1,"minecraft:mossy_cobblestone":1,"quark:black_shard":8,"minecraft:mutton":7,"minecraft:bricks":1,"minecraft:coal":26,"minecraft:white_wool":4,"minecraft:cobblestone":11,"minecraft:furnace":1},"minecraft:used":{"minecraft:bricks":1,"minecraft:stone_pickaxe":45,"minecraft:iron_pickaxe":1,"minecraft:wooden_pickaxe":4,"biomesoplenty:toadstool":1,"minecraft:iron_sword":11,"minecraft:mossy_cobblestone":1,"minecraft:dirt":4,"minecraft:crafting_table":1,"minecraft:furnace":1},"minecraft:dropped":{"quark:black_shard":8},"minecraft:custom":{"minecraft:time_since_rest":2910,"minecraft:interact_with_furnace":5,"minecraft:sprint_one_cm":53721,"minecraft:damage_taken":250,"minecraft:walk_one_cm":47192,"minecraft:mob_kills":5,"minecraft:drop":2,"minecraft:damage_dealt":480,"minecraft:swim_one_cm":8722,"minecraft:fly_one_cm":54301,"minecraft:interact_with_crafting_table":7,"minecraft:open_chest":1,"minecraft:crouch_one_cm":3272,"minecraft:play_time":17209,"minecraft:deaths":1,"minecraft:sneak_time":1415,"minecraft:walk_under_water_one_cm":2128,"minecraft:jump":312,"minecraft:leave_game":2,"minecraft:walk_on_water_one_cm":1270,"minecraft:time_since_death":3924,"minecraft:total_world_time":17209,"minecraft:fall_one_cm":13587},"minecraft:killed":{"minecraft:sheep":4,"minecraft:spider":1},"minecraft:crafted":{"biomesoplenty:fir_planks":16,"minecraft:crafting_table":1,"minecraft:iron_pickaxe":1,"minecraft:stick":12,"minecraft:stone_pickaxe":1,"minecraft:wooden_pickaxe":1,"minecraft:iron_ingot":10,"minecraft:wooden_axe":1,"minecraft:iron_sword":1,"minecraft:furnace":1,"minecraft:air":0}},"DataVersion":3465}