{"stats":{"minecraft:broken":{"minecraft:stone_pickaxe":1},"minecraft:mined":{"minecraft:tuff":9,"minecraft:spruce_planks":2,"minecraft:mossy_cobblestone":1,"minecraft:granite":4,"regions_unexplored:salmon_poppy_bush":2,"minecraft:grass_block":11,"minecraft:bricks":1,"minecraft:deepslate_copper_ore":2,"minecraft:spruce_stairs":1,"minecraft:black_stained_glass":2,"minecraft:furnace":1,"minecraft:carrots":2,"ecologics:seashell":2,"biomesoplenty:toadstool":1,"minecraft:iron_ore":29,"minecraft:andesite":1,"treechop:chopped_log":2,"biomesoplenty:fir_log":2,"minecraft:bookshelf":3,"minecraft:grass":10,"minecraft:potatoes":4,"minecraft:coal_ore":75,"biomesoplenty:fir_leaves":1,"minecraft:gravel":14,"minecraft:dirt":12,"minecraft:stone_bricks":2,"minecraft:stone":67,"regions_unexplored:silt_grass_block":2,"minecraft:gold_ore":6,"minecraft:deepslate":11},"minecraft:picked_up":{"minecraft:wooden_axe":1,"minecraft:andesite":1,"minecraft:leather":10,"regions_unexplored:silt_dirt":2,"ecologics:seashell":2,"minecraft:wooden_pickaxe":1,"minecraft:potato":20,"biomesoplenty:fir_log":4,"minecraft:flint":4,"minecraft:tuff":9,"regions_unexplored:salmon_poppy_bush":2,"minecraft:gunpowder":4,"minecraft:dirt":23,"minecraft:string":2,"minecraft:raw_copper":10,"minecraft:iron_shovel":1,"minecraft:bone":14,"minecraft:stone_bricks":6,"minecraft:wheat_seeds":1,"minecraft:cobbled_deepslate":11,"minecraft:raw_gold":12,"minecraft:spruce_planks":4,"minecraft:iron_ingot":4,"minecraft:beef":10,"minecraft:iron_pickaxe":1,"quark:black_shard":8,"minecraft:glass_bottle":4,"minecraft:iron_sword":1,"crittersandcompanions:clam":2,"minecraft:book":18,"minecraft:furnace":1,"biomesoplenty:toadstool":1,"minecraft:raw_iron":48,"ecologics:coconut_slice":10,"minecraft:spruce_stairs":2,"minecraft:gravel":21,"ecologics:coconut_husk":1,"minecraft:stone_button":1,"minecraft:diorite":4,"tombstone:grave_dust":2,"alexsmobs:animal_dictionary":1,"minecraft:carrot":6,"minecraft:spider_eye":4,"minecraft:mossy_cobblestone":1,"minecraft:arrow":8,"minecraft:granite":4,"minecraft:emerald":2,"supplementaries:ash":4,"minecraft:mutton":21,"minecraft:bricks":1,"minecraft:coal":132,"minecraft:white_wool":16,"minecraft:cobblestone":70},"minecraft:used":{"minecraft:cooked_mutton":7,"minecraft:iron_shovel":18,"minecraft:stone_pickaxe":132,"minecraft:wooden_pickaxe":4,"minecraft:iron_sword":82,"minecraft:torch":4,"minecraft:mossy_cobblestone":1,"minecraft:dirt":20,"minecraft:crafting_table":1,"ecologics:seashell":2,"minecraft:tuff":9,"minecraft:granite":4,"minecraft:wooden_axe":15,"minecraft:bricks":1,"minecraft:iron_pickaxe":83,"minecraft:gravel":3,"biomesoplenty:toadstool":1,"ecologics:coconut_slice":3,"minecraft:cobblestone":53,"minecraft:furnace":2,"minecraft:andesite":1,"tombstone:gift":1,"minecraft:cobbled_deepslate":11,"regions_unexplored:silt_dirt":2},"minecraft:dropped":{"minecraft:wheat_seeds":1,"ecologics:coconut_slice":3,"minecraft:coal":22,"minecraft:dirt":3,"regions_unexplored:salmon_poppy_bush":2,"tombstone:grave_dust":2,"minecraft:stone_bricks":2,"minecraft:wooden_pickaxe":1,"minecraft:string":1,"quark:black_shard":8},"minecraft:custom":{"minecraft:interact_with_furnace":10,"minecraft:mob_kills":22,"tombstone:raider_killed":1,"minecraft:interact_with_crafting_table":9,"minecraft:open_barrel":2,"minecraft:leave_game":3,"minecraft:time_since_death":4523,"minecraft:sleep_in_bed":1,"minecraft:time_since_rest":2721,"minecraft:sprint_one_cm":206130,"minecraft:damage_taken":1830,"minecraft:walk_one_cm":120852,"minecraft:drop":12,"minecraft:damage_dealt":3323,"minecraft:swim_one_cm":23846,"minecraft:fly_one_cm":335947,"minecraft:open_chest":4,"minecraft:crouch_one_cm":5296,"minecraft:play_time":59448,"tombstone:undead_killed":7,"minecraft:deaths":5,"minecraft:sneak_time":1946,"minecraft:walk_under_water_one_cm":5829,"minecraft:jump":1781,"minecraft:walk_on_water_one_cm":8417,"minecraft:total_world_time":59448,"minecraft:fall_one_cm":49068,"minecraft:horse_one_cm":5026},"minecraft:killed":{"minecraft:witch":1,"graveyard:skeleton_creeper":1,"minecraft:spider":1,"minecraft:creeper":2,"minecraft:skeleton":3,"minecraft:sheep":8,"minecraft:zombie":1,"minecraft:stray":1,"minecraft:drowned":1,"minecraft:cow":3},"minecraft:crafted":{"minecraft:crafting_table":1,"minecraft:wooden_pickaxe":1,"minecraft:iron_sword":1,"minecraft:furnace":1,"minecraft:cooked_mutton":7,"minecraft:air":0,"biomesoplenty:fir_planks":16,"minecraft:stick":12,"minecraft:wooden_axe":1,"minecraft:stone_pickaxe":1,"minecraft:iron_ingot":10,"minecraft:iron_pickaxe":1,"minecraft:iron_shovel":1,"minecraft:torch":4}},"DataVersion":3465}