{"stats":{"minecraft:broken":{"minecraft:stone_pickaxe":1},"minecraft:picked_up":{"minecraft:andesite":1,"minecraft:leather":5,"ecologics:seashell":2,"minecraft:potato":10,"biomesoplenty:fir_log":4,"minecraft:flint":2,"minecraft:tuff":9,"minecraft:gunpowder":2,"minecraft:dirt":23,"minecraft:string":1,"minecraft:raw_copper":5,"minecraft:bone":7,"minecraft:stone_bricks":4,"minecraft:wheat_seeds":1,"minecraft:cobbled_deepslate":11,"minecraft:raw_gold":6,"minecraft:spruce_planks":2,"minecraft:beef":5,"quark:black_shard":8,"minecraft:glass_bottle":2,"crittersandcompanions:clam":1,"minecraft:book":9,"minecraft:furnace":1,"biomesoplenty:toadstool":1,"minecraft:raw_iron":29,"ecologics:coconut_slice":4,"minecraft:spruce_stairs":1,"minecraft:gravel":12,"minecraft:carrot":3,"minecraft:spider_eye":2,"minecraft:mossy_cobblestone":1,"minecraft:arrow":4,"minecraft:granite":4,"minecraft:emerald":1,"supplementaries:ash":2,"minecraft:mutton":14,"minecraft:bricks":1,"minecraft:coal":79,"minecraft:white_wool":8,"minecraft:cobblestone":67},"minecraft:mined":{"minecraft:tuff":9,"minecraft:spruce_planks":2,"minecraft:mossy_cobblestone":1,"minecraft:granite":4,"minecraft:grass_block":11,"minecraft:bricks":1,"minecraft:deepslate_copper_ore":2,"minecraft:spruce_stairs":1,"minecraft:black_stained_glass":2,"minecraft:furnace":1,"minecraft:carrots":2,"ecologics:seashell":2,"biomesoplenty:toadstool":1,"minecraft:iron_ore":29,"minecraft:andesite":1,"treechop:chopped_log":2,"biomesoplenty:fir_log":2,"minecraft:bookshelf":3,"minecraft:grass":10,"minecraft:potatoes":4,"minecraft:coal_ore":75,"biomesoplenty:fir_leaves":1,"minecraft:gravel":14,"minecraft:dirt":12,"minecraft:stone_bricks":2,"minecraft:stone":67,"minecraft:gold_ore":6,"minecraft:deepslate":11},"minecraft:used":{"minecraft:cooked_mutton":7,"minecraft:iron_shovel":18,"minecraft:stone_pickaxe":132,"minecraft:wooden_pickaxe":4,"minecraft:iron_sword":79,"minecraft:torch":4,"minecraft:mossy_cobblestone":1,"minecraft:dirt":20,"minecraft:crafting_table":1,"ecologics:seashell":2,"minecraft:tuff":9,"minecraft:granite":4,"minecraft:wooden_axe":15,"minecraft:bricks":1,"minecraft:iron_pickaxe":83,"minecraft:gravel":3,"biomesoplenty:toadstool":1,"ecologics:coconut_slice":1,"minecraft:cobblestone":53,"minecraft:furnace":2,"minecraft:andesite":1,"tombstone:gift":1,"minecraft:cobbled_deepslate":11},"minecraft:dropped":{"minecraft:wheat_seeds":1,"minecraft:coal":22,"minecraft:dirt":3,"minecraft:stone_bricks":2,"quark:black_shard":8},"minecraft:custom":{"minecraft:interact_with_furnace":10,"minecraft:mob_kills":22,"tombstone:raider_killed":1,"minecraft:interact_with_crafting_table":9,"minecraft:open_barrel":2,"minecraft:leave_game":2,"minecraft:time_since_death":2946,"minecraft:sleep_in_bed":1,"minecraft:time_since_rest":2062,"minecraft:sprint_one_cm":171733,"minecraft:damage_taken":1330,"minecraft:walk_one_cm":109104,"minecraft:drop":6,"minecraft:damage_dealt":3185,"minecraft:swim_one_cm":14807,"minecraft:fly_one_cm":238220,"minecraft:open_chest":4,"minecraft:crouch_one_cm":5028,"minecraft:play_time":48847,"tombstone:undead_killed":7,"minecraft:deaths":3,"minecraft:sneak_time":1888,"minecraft:walk_under_water_one_cm":3488,"minecraft:jump":1328,"minecraft:walk_on_water_one_cm":5222,"minecraft:total_world_time":48847,"minecraft:fall_one_cm":39858},"minecraft:killed":{"minecraft:witch":1,"graveyard:skeleton_creeper":1,"minecraft:spider":1,"minecraft:creeper":2,"minecraft:skeleton":3,"minecraft:sheep":8,"minecraft:zombie":1,"minecraft:stray":1,"minecraft:drowned":1,"minecraft:cow":3},"minecraft:crafted":{"minecraft:crafting_table":1,"minecraft:wooden_pickaxe":1,"minecraft:iron_sword":1,"minecraft:furnace":1,"minecraft:cooked_mutton":7,"minecraft:air":0,"biomesoplenty:fir_planks":16,"minecraft:stick":12,"minecraft:wooden_axe":1,"minecraft:stone_pickaxe":1,"minecraft:iron_ingot":10,"minecraft:iron_pickaxe":1,"minecraft:iron_shovel":1,"minecraft:torch":4}},"DataVersion":3465}