{"stats":{"minecraft:picked_up":{"minecraft:andesite":1,"minecraft:leather":5,"ecologics:seashell":2,"biomesoplenty:fir_log":4,"minecraft:flint":1,"minecraft:tuff":9,"minecraft:gunpowder":2,"minecraft:dirt":20,"minecraft:string":1,"minecraft:raw_copper":5,"minecraft:bone":5,"minecraft:wheat_seeds":1,"minecraft:cobbled_deepslate":11,"minecraft:raw_gold":6,"minecraft:beef":5,"quark:black_shard":8,"minecraft:glass_bottle":2,"crittersandcompanions:clam":1,"minecraft:furnace":1,"biomesoplenty:toadstool":1,"minecraft:raw_iron":10,"ecologics:coconut_slice":4,"minecraft:gravel":3,"minecraft:spider_eye":2,"minecraft:mossy_cobblestone":1,"minecraft:arrow":2,"minecraft:granite":4,"minecraft:emerald":1,"supplementaries:ash":2,"minecraft:mutton":7,"minecraft:bricks":1,"minecraft:coal":36,"minecraft:white_wool":4,"minecraft:cobblestone":66},"minecraft:mined":{"minecraft:tuff":9,"minecraft:mossy_cobblestone":1,"minecraft:granite":4,"minecraft:grass_block":8,"minecraft:bricks":1,"minecraft:deepslate_copper_ore":2,"minecraft:black_stained_glass":2,"minecraft:furnace":1,"ecologics:seashell":2,"biomesoplenty:toadstool":1,"minecraft:iron_ore":10,"minecraft:andesite":1,"treechop:chopped_log":2,"biomesoplenty:fir_log":2,"minecraft:grass":6,"minecraft:coal_ore":32,"biomesoplenty:fir_leaves":1,"minecraft:gravel":4,"minecraft:dirt":12,"minecraft:stone":66,"minecraft:gold_ore":6,"minecraft:deepslate":11},"minecraft:used":{"minecraft:cooked_mutton":5,"minecraft:iron_shovel":8,"minecraft:stone_pickaxe":118,"minecraft:wooden_pickaxe":4,"minecraft:iron_sword":65,"minecraft:torch":4,"minecraft:mossy_cobblestone":1,"minecraft:dirt":18,"minecraft:crafting_table":1,"ecologics:seashell":2,"minecraft:tuff":9,"minecraft:granite":4,"minecraft:bricks":1,"minecraft:iron_pickaxe":31,"minecraft:gravel":3,"biomesoplenty:toadstool":1,"ecologics:coconut_slice":1,"minecraft:cobblestone":53,"minecraft:furnace":2,"minecraft:andesite":1,"tombstone:gift":1,"minecraft:cobbled_deepslate":11},"minecraft:dropped":{"minecraft:coal":22,"quark:black_shard":8},"minecraft:custom":{"minecraft:interact_with_furnace":10,"minecraft:mob_kills":17,"tombstone:raider_killed":1,"minecraft:interact_with_crafting_table":9,"minecraft:leave_game":2,"minecraft:time_since_death":7573,"minecraft:sleep_in_bed":1,"minecraft:time_since_rest":4766,"minecraft:sprint_one_cm":119593,"minecraft:damage_taken":910,"minecraft:walk_one_cm":87493,"minecraft:drop":3,"minecraft:damage_dealt":2675,"minecraft:swim_one_cm":14807,"minecraft:fly_one_cm":161330,"minecraft:open_chest":2,"minecraft:crouch_one_cm":4529,"minecraft:play_time":36847,"tombstone:undead_killed":6,"minecraft:deaths":2,"minecraft:sneak_time":1649,"minecraft:walk_under_water_one_cm":3092,"minecraft:jump":879,"minecraft:walk_on_water_one_cm":2808,"minecraft:total_world_time":36847,"minecraft:fall_one_cm":30437},"minecraft:killed":{"minecraft:witch":1,"graveyard:skeleton_creeper":1,"minecraft:spider":1,"minecraft:creeper":2,"minecraft:skeleton":3,"minecraft:sheep":4,"minecraft:zombie":1,"minecraft:drowned":1,"minecraft:cow":3},"minecraft:crafted":{"minecraft:crafting_table":1,"minecraft:wooden_pickaxe":1,"minecraft:iron_sword":1,"minecraft:furnace":1,"minecraft:cooked_mutton":7,"minecraft:air":0,"biomesoplenty:fir_planks":16,"minecraft:stick":12,"minecraft:wooden_axe":1,"minecraft:stone_pickaxe":1,"minecraft:iron_ingot":10,"minecraft:iron_pickaxe":1,"minecraft:iron_shovel":1,"minecraft:torch":4}},"DataVersion":3465}