{"stats":{"minecraft:mined":{"minecraft:black_stained_glass":2,"minecraft:mossy_cobblestone":1,"minecraft:iron_ore":10,"treechop:chopped_log":1,"biomesoplenty:fir_log":2,"minecraft:grass":1,"minecraft:coal_ore":22,"minecraft:dirt":1,"minecraft:stone":11,"minecraft:bricks":1},"minecraft:picked_up":{"minecraft:raw_iron":10,"biomesoplenty:fir_log":3,"minecraft:spider_eye":1,"minecraft:string":1,"minecraft:dirt":1,"minecraft:mossy_cobblestone":1,"quark:black_shard":4,"minecraft:bricks":1,"minecraft:coal":22,"minecraft:cobblestone":11},"minecraft:used":{"minecraft:bricks":1,"minecraft:stone_pickaxe":45,"minecraft:wooden_pickaxe":4,"minecraft:iron_sword":3,"minecraft:mossy_cobblestone":1,"minecraft:dirt":1,"minecraft:crafting_table":1,"minecraft:furnace":1},"minecraft:dropped":{"quark:black_shard":4},"minecraft:custom":{"minecraft:time_since_rest":9046,"minecraft:interact_with_furnace":2,"minecraft:sprint_one_cm":25643,"minecraft:damage_taken":140,"minecraft:walk_one_cm":20871,"minecraft:mob_kills":1,"minecraft:drop":1,"minecraft:damage_dealt":160,"minecraft:interact_with_crafting_table":5,"minecraft:fly_one_cm":21488,"minecraft:crouch_one_cm":2952,"minecraft:play_time":9046,"minecraft:sneak_time":1304,"minecraft:jump":139,"minecraft:leave_game":1,"minecraft:time_since_death":9046,"minecraft:total_world_time":9046,"minecraft:fall_one_cm":6575},"minecraft:killed":{"minecraft:spider":1},"minecraft:crafted":{"biomesoplenty:fir_planks":12,"minecraft:crafting_table":1,"minecraft:stick":8,"minecraft:wooden_pickaxe":1,"minecraft:iron_ingot":4,"minecraft:stone_pickaxe":1,"minecraft:iron_sword":1,"minecraft:furnace":1,"minecraft:air":0}},"DataVersion":3465}