{"stats":{"minecraft:used":{"biomesoplenty:fir_planks":4},"minecraft:picked_up":{"biomesoplenty:fir_log":12,"minecraft:stick":6,"biomesoplenty:fir_sapling":5},"minecraft:custom":{"minecraft:jump":91,"minecraft:time_since_rest":1,"minecraft:leave_game":1,"minecraft:damage_dealt":20,"minecraft:crouch_one_cm":474,"minecraft:deaths":1,"minecraft:sprint_one_cm":11199,"minecraft:play_time":5426,"minecraft:damage_taken":261,"minecraft:time_since_death":371,"minecraft:walk_one_cm":17113,"minecraft:sneak_time":80,"minecraft:total_world_time":5426,"minecraft:fall_one_cm":5774,"minecraft:fly_one_cm":17488},"minecraft:mined":{"biomesoplenty:fir_leaves":9,"treechop:chopped_log":1},"minecraft:crafted":{"biomesoplenty:fir_planks":48}},"DataVersion":3465}