{"stats":{"minecraft:broken":{"minecraft:iron_shovel":3,"minecraft:wooden_shovel":4,"minecraft:leather_boots":1,"minecraft:stone_axe":1},"minecraft:mined":{"minecraft:red_bed":2,"minecraft:dandelion":2,"minecraft:oak_fence":1,"minecraft:crafting_table":1,"minecraft:cornflower":1,"minecraft:allium":1,"minecraft:grass_block":803,"biomesoplenty:fir_planks":5,"minecraft:brown_wool":1,"ecologics:coconut_leaves":2,"minecraft:tall_grass":10,"minecraft:cobblestone":3,"minecraft:cyan_bed":6,"farmersdelight:wild_onions":3,"ecologics:seashell":2,"treechop:chopped_log":4,"minecraft:azure_bluet":1,"minecraft:grass":92,"minecraft:sand":6,"minecraft:dirt":259,"minecraft:stone":34,"minecraft:fern":2},"minecraft:picked_up":{"minecraft:wheat":23,"minecraft:crafting_table":2,"minecraft:coarse_dirt":1,"minecraft:allium":12,"minecraft:brown_wool":4,"ecologics:seashell":2,"minecraft:potato":37,"biomesoplenty:fir_sapling":73,"biomesoplenty:fir_log":221,"minecraft:wither_rose":2,"minecraft:enchanted_book":1,"minecraft:cobblestone_stairs":1,"minecraft:cornflower":3,"minecraft:lapis_lazuli":12,"minecraft:dirt":1054,"minecraft:red_bed":2,"minecraft:leather_boots":1,"minecraft:bone":3,"farmersdelight:iron_knife":1,"minecraft:apple":4,"minecraft:wheat_seeds":30,"regions_unexplored:pine_log":12,"minecraft:gold_nugget":2,"biomesoplenty:fir_planks":92,"minecraft:bucket":2,"minecraft:spruce_planks":2,"minecraft:iron_ingot":5,"minecraft:stone_pickaxe":1,"minecraft:beef":2,"tombstone:bag_of_seeds":1,"minecraft:poppy":1,"minecraft:iron_pickaxe":1,"minecraft:lectern":1,"delightful:green_tea_leaf":6,"minecraft:oak_planks":3,"minecraft:book":11,"minecraft:stick":21,"minecraft:raw_iron":15,"ecologics:coconut_slice":4,"minecraft:oak_fence":1,"minecraft:dandelion":7,"minecraft:oak_pressure_plate":1,"minecraft:sand":7,"tombstone:grave_dust":3,"minecraft:carrot":6,"minecraft:cyan_bed":8,"alexsmobs:animal_dictionary":2,"minecraft:arrow":6,"minecraft:rotten_flesh":7,"minecraft:stone_axe":1,"farmersdelight:onion":8,"minecraft:bread":6,"minecraft:saddle":1,"minecraft:emerald":2,"sophisticatedbackpacks:copper_backpack":1,"supplementaries:ash":2,"minecraft:oak_sapling":5,"minecraft:coal":28,"minecraft:cobblestone":40,"minecraft:oxeye_daisy":1},"minecraft:used":{"farmersdelight:iron_knife":55,"minecraft:water_bucket":52,"minecraft:iron_shovel":792,"minecraft:stone_pickaxe":37,"minecraft:spruce_planks":1,"minecraft:iron_sword":1,"biomesoplenty:fir_planks":77,"minecraft:wooden_shovel":306,"minecraft:torch":64,"farmersdelight:onion":12,"minecraft:dirt":840,"minecraft:carrot":1,"ecologics:seashell":1,"minecraft:crafting_table":3,"minecraft:red_bed":1,"minecraft:allium":12,"tombstone:bag_of_seeds":1,"minecraft:bread":11,"minecraft:iron_axe":33,"minecraft:cyan_bed":8,"minecraft:brown_wool":1,"minecraft:stone_axe":21,"delightful:green_tea_leaf":1,"ecologics:coconut_slice":4,"minecraft:cobblestone":1,"minecraft:furnace":1,"minecraft:cooked_beef":2,"minecraft:bucket":53,"biomesoplenty:fir_log":6,"tombstone:gift":2,"quark:oak_chest":2,"minecraft:potato":85,"minecraft:coarse_dirt":1,"aquaculture:pink_salmon":1},"minecraft:dropped":{"regions_unexplored:pine_log":12,"minecraft:wheat_seeds":8,"alexsmobs:animal_dictionary":3,"minecraft:rotten_flesh":1,"minecraft:cobblestone":1,"minecraft:oak_planks":1,"minecraft:carrot":2,"minecraft:coal":3,"minecraft:dirt":4,"minecraft:spruce_planks":1,"ecologics:coconut_husk":4,"tombstone:grave_dust":3,"minecraft:sand":1,"ecologics:seashell":1},"minecraft:custom":{"minecraft:interact_with_furnace":2,"minecraft:mob_kills":9,"minecraft:interact_with_crafting_table":19,"minecraft:open_barrel":3,"minecraft:damage_dealt_resisted":372,"minecraft:time_since_death":2082,"minecraft:leave_game":3,"minecraft:sleep_in_bed":8,"minecraft:time_since_rest":1366,"minecraft:waystone_activated":1,"minecraft:sprint_one_cm":493947,"minecraft:damage_taken":5333,"minecraft:walk_one_cm":240577,"minecraft:drop":38,"minecraft:damage_dealt":1856,"minecraft:damage_dealt_absorbed":119,"minecraft:swim_one_cm":20117,"minecraft:fly_one_cm":711930,"minecraft:open_chest":31,"minecraft:crouch_one_cm":102316,"minecraft:play_time":167732,"tombstone:undead_killed":7,"minecraft:deaths":13,"minecraft:sneak_time":22023,"minecraft:walk_under_water_one_cm":37705,"minecraft:jump":2808,"minecraft:walk_on_water_one_cm":18808,"minecraft:total_world_time":167732,"minecraft:fall_one_cm":88543},"minecraft:killed":{"minecraft:spider":1,"minecraft:skeleton":3,"minecraft:zombie":4},"minecraft:crafted":{"minecraft:cooked_beef":2,"minecraft:wooden_shovel":8,"minecraft:crafting_table":1,"minecraft:iron_sword":1,"minecraft:furnace":1,"minecraft:air":0,"biomesoplenty:fir_planks":16,"minecraft:iron_axe":1,"minecraft:stick":36,"quark:oak_chest":2,"minecraft:iron_pickaxe":1,"minecraft:iron_shovel":3,"minecraft:torch":76}},"DataVersion":3465}