{"stats":{"minecraft:custom":{"minecraft:time_since_rest":1,"minecraft:sprint_one_cm":147661,"minecraft:damage_taken":2150,"minecraft:walk_one_cm":58588,"minecraft:mob_kills":1,"minecraft:drop":26,"minecraft:damage_dealt":285,"minecraft:swim_one_cm":10746,"minecraft:interact_with_crafting_table":6,"minecraft:fly_one_cm":185073,"minecraft:open_barrel":3,"minecraft:open_chest":9,"minecraft:crouch_one_cm":3629,"minecraft:play_time":41264,"minecraft:deaths":5,"minecraft:sneak_time":891,"minecraft:walk_under_water_one_cm":6773,"minecraft:jump":740,"minecraft:walk_on_water_one_cm":6563,"minecraft:time_since_death":890,"minecraft:sleep_in_bed":2,"minecraft:total_world_time":41264,"minecraft:fall_one_cm":29559},"minecraft:used":{"minecraft:water_bucket":8,"minecraft:cyan_bed":1,"minecraft:bread":10,"minecraft:brown_wool":1,"minecraft:spruce_planks":1,"minecraft:iron_sword":1,"delightful:green_tea_leaf":1,"farmersdelight:onion":1,"minecraft:crafting_table":1,"minecraft:red_bed":1,"minecraft:bucket":8,"tombstone:gift":2,"aquaculture:pink_salmon":1},"minecraft:picked_up":{"minecraft:stick":10,"minecraft:crafting_table":1,"minecraft:brown_wool":1,"minecraft:oak_fence":1,"minecraft:oak_pressure_plate":1,"minecraft:potato":9,"biomesoplenty:fir_sapling":21,"biomesoplenty:fir_log":97,"minecraft:enchanted_book":1,"tombstone:grave_dust":2,"minecraft:cyan_bed":2,"minecraft:lapis_lazuli":3,"minecraft:dirt":6,"minecraft:red_bed":2,"minecraft:apple":4,"minecraft:wheat_seeds":8,"minecraft:bucket":1,"minecraft:spruce_planks":2,"minecraft:iron_ingot":3,"minecraft:emerald":2,"minecraft:bread":5,"minecraft:oak_sapling":5,"delightful:green_tea_leaf":3},"minecraft:crafted":{"biomesoplenty:fir_planks":12,"minecraft:crafting_table":1,"minecraft:iron_pickaxe":1,"minecraft:iron_sword":1},"minecraft:dropped":{"minecraft:dirt":3,"regions_unexplored:pine_log":12,"minecraft:wheat_seeds":8,"alexsmobs:animal_dictionary":2,"minecraft:spruce_planks":1,"tombstone:grave_dust":3,"minecraft:carrot":2},"minecraft:mined":{"minecraft:red_bed":2,"treechop:chopped_log":1,"minecraft:crafting_table":1,"minecraft:oak_fence":1,"minecraft:grass":2,"minecraft:grass_block":3,"minecraft:brown_wool":1,"minecraft:cyan_bed":2,"minecraft:fern":2}},"DataVersion":3465}