{"stats":{"minecraft:custom":{"minecraft:mob_kills":4,"minecraft:interact_with_crafting_table":14,"minecraft:open_barrel":3,"minecraft:damage_dealt_resisted":372,"minecraft:time_since_death":20029,"minecraft:sleep_in_bed":5,"minecraft:time_since_rest":2082,"minecraft:waystone_activated":1,"minecraft:sprint_one_cm":276764,"minecraft:damage_taken":3990,"minecraft:walk_one_cm":107664,"minecraft:drop":35,"minecraft:damage_dealt":898,"minecraft:damage_dealt_absorbed":119,"minecraft:swim_one_cm":20117,"minecraft:fly_one_cm":411335,"minecraft:open_chest":19,"minecraft:crouch_one_cm":33151,"minecraft:play_time":89264,"tombstone:undead_killed":2,"minecraft:deaths":9,"minecraft:sneak_time":7378,"minecraft:walk_under_water_one_cm":37705,"minecraft:jump":1503,"minecraft:walk_on_water_one_cm":18194,"minecraft:total_world_time":89264,"minecraft:fall_one_cm":55832},"minecraft:used":{"farmersdelight:iron_knife":49,"minecraft:water_bucket":52,"minecraft:iron_shovel":305,"minecraft:spruce_planks":1,"minecraft:iron_sword":1,"biomesoplenty:fir_planks":12,"minecraft:torch":8,"farmersdelight:onion":4,"minecraft:dirt":227,"minecraft:carrot":1,"minecraft:crafting_table":3,"minecraft:red_bed":1,"ecologics:seashell":1,"minecraft:iron_axe":17,"minecraft:bread":11,"minecraft:cyan_bed":8,"minecraft:brown_wool":1,"minecraft:stone_axe":21,"delightful:green_tea_leaf":1,"ecologics:coconut_slice":4,"minecraft:bucket":53,"minecraft:potato":1,"tombstone:gift":2,"quark:oak_chest":2,"biomesoplenty:fir_log":6,"aquaculture:pink_salmon":1},"minecraft:broken":{"minecraft:iron_shovel":1,"minecraft:leather_boots":1,"minecraft:stone_axe":1},"minecraft:picked_up":{"minecraft:allium":3,"minecraft:crafting_table":2,"minecraft:wheat":23,"minecraft:brown_wool":4,"ecologics:seashell":1,"minecraft:potato":37,"biomesoplenty:fir_sapling":73,"biomesoplenty:fir_log":221,"minecraft:wither_rose":2,"minecraft:enchanted_book":1,"minecraft:cobblestone_stairs":1,"minecraft:lapis_lazuli":12,"minecraft:dirt":290,"minecraft:red_bed":2,"minecraft:leather_boots":1,"farmersdelight:iron_knife":1,"minecraft:apple":4,"regions_unexplored:pine_log":12,"minecraft:wheat_seeds":17,"minecraft:gold_nugget":2,"minecraft:bucket":2,"biomesoplenty:fir_planks":90,"minecraft:spruce_planks":2,"minecraft:iron_ingot":5,"minecraft:beef":2,"minecraft:stone_pickaxe":1,"tombstone:bag_of_seeds":1,"minecraft:iron_pickaxe":1,"minecraft:lectern":1,"delightful:green_tea_leaf":6,"minecraft:oak_planks":3,"minecraft:book":11,"minecraft:stick":21,"minecraft:raw_iron":15,"ecologics:coconut_slice":4,"minecraft:oak_fence":1,"minecraft:oak_pressure_plate":1,"tombstone:grave_dust":2,"minecraft:carrot":1,"minecraft:cyan_bed":8,"alexsmobs:animal_dictionary":2,"minecraft:arrow":3,"minecraft:rotten_flesh":2,"minecraft:stone_axe":1,"farmersdelight:onion":6,"minecraft:saddle":1,"minecraft:bread":6,"minecraft:emerald":2,"sophisticatedbackpacks:copper_backpack":1,"supplementaries:ash":1,"minecraft:oak_sapling":5,"minecraft:coal":6},"minecraft:crafted":{"minecraft:crafting_table":1,"minecraft:iron_sword":1,"biomesoplenty:fir_planks":16,"minecraft:iron_axe":1,"quark:oak_chest":2,"minecraft:stick":4,"minecraft:iron_pickaxe":1,"minecraft:iron_shovel":3,"minecraft:torch":12},"minecraft:dropped":{"regions_unexplored:pine_log":12,"minecraft:wheat_seeds":8,"alexsmobs:animal_dictionary":3,"minecraft:rotten_flesh":1,"minecraft:cobblestone":1,"minecraft:oak_planks":1,"minecraft:carrot":2,"minecraft:coal":3,"minecraft:dirt":3,"minecraft:spruce_planks":1,"ecologics:coconut_husk":4,"tombstone:grave_dust":3},"minecraft:mined":{"minecraft:red_bed":2,"minecraft:oak_fence":1,"minecraft:crafting_table":1,"minecraft:grass_block":234,"biomesoplenty:fir_planks":1,"minecraft:brown_wool":1,"minecraft:tall_grass":6,"minecraft:cyan_bed":6,"farmersdelight:wild_onions":2,"ecologics:seashell":1,"treechop:chopped_log":4,"minecraft:grass":34,"minecraft:dirt":57,"minecraft:fern":2},"minecraft:killed":{"minecraft:spider":1,"minecraft:zombie":2}},"DataVersion":3465}