{"stats":{"minecraft:custom":{"minecraft:mob_kills":1,"minecraft:interact_with_crafting_table":8,"minecraft:open_barrel":3,"minecraft:damage_dealt_resisted":72,"minecraft:time_since_death":13431,"minecraft:sleep_in_bed":3,"minecraft:time_since_rest":11032,"minecraft:waystone_activated":1,"minecraft:sprint_one_cm":235632,"minecraft:damage_taken":3710,"minecraft:walk_one_cm":82102,"minecraft:drop":27,"minecraft:damage_dealt":285,"minecraft:damage_dealt_absorbed":112,"minecraft:swim_one_cm":19113,"minecraft:fly_one_cm":371513,"minecraft:open_chest":9,"minecraft:crouch_one_cm":3732,"minecraft:play_time":65264,"minecraft:deaths":8,"minecraft:sneak_time":1252,"minecraft:walk_under_water_one_cm":31813,"minecraft:jump":1252,"minecraft:walk_on_water_one_cm":15390,"minecraft:total_world_time":65264,"minecraft:fall_one_cm":50717},"minecraft:used":{"farmersdelight:iron_knife":10,"minecraft:water_bucket":33,"minecraft:spruce_planks":1,"minecraft:iron_sword":1,"farmersdelight:onion":4,"minecraft:crafting_table":3,"minecraft:red_bed":1,"ecologics:seashell":1,"minecraft:iron_axe":16,"minecraft:bread":11,"minecraft:cyan_bed":6,"minecraft:brown_wool":1,"minecraft:stone_axe":21,"delightful:green_tea_leaf":1,"ecologics:coconut_slice":1,"minecraft:bucket":34,"tombstone:gift":2,"aquaculture:pink_salmon":1},"minecraft:broken":{"minecraft:stone_axe":1},"minecraft:picked_up":{"minecraft:crafting_table":2,"minecraft:wheat":23,"minecraft:brown_wool":4,"ecologics:seashell":1,"minecraft:potato":37,"biomesoplenty:fir_sapling":73,"biomesoplenty:fir_log":221,"minecraft:wither_rose":2,"minecraft:enchanted_book":1,"minecraft:cobblestone_stairs":1,"minecraft:lapis_lazuli":12,"minecraft:dirt":6,"minecraft:red_bed":2,"farmersdelight:iron_knife":1,"minecraft:apple":4,"minecraft:wheat_seeds":8,"minecraft:gold_nugget":2,"minecraft:bucket":2,"biomesoplenty:fir_planks":88,"minecraft:spruce_planks":2,"minecraft:iron_ingot":5,"minecraft:beef":2,"minecraft:stone_pickaxe":1,"minecraft:iron_pickaxe":1,"minecraft:lectern":1,"delightful:green_tea_leaf":6,"minecraft:oak_planks":2,"minecraft:book":11,"minecraft:stick":21,"minecraft:raw_iron":15,"ecologics:coconut_slice":4,"minecraft:oak_fence":1,"minecraft:oak_pressure_plate":1,"tombstone:grave_dust":2,"minecraft:carrot":1,"minecraft:cyan_bed":7,"alexsmobs:animal_dictionary":2,"minecraft:arrow":3,"minecraft:stone_axe":1,"farmersdelight:onion":3,"minecraft:saddle":1,"minecraft:bread":6,"minecraft:emerald":2,"minecraft:oak_sapling":5,"minecraft:coal":3},"minecraft:crafted":{"minecraft:crafting_table":1,"minecraft:iron_sword":1,"biomesoplenty:fir_planks":16,"minecraft:iron_axe":1,"minecraft:stick":4,"minecraft:iron_pickaxe":1,"minecraft:iron_shovel":1},"minecraft:dropped":{"regions_unexplored:pine_log":12,"minecraft:wheat_seeds":8,"alexsmobs:animal_dictionary":3,"minecraft:carrot":2,"minecraft:dirt":3,"minecraft:spruce_planks":1,"tombstone:grave_dust":3},"minecraft:mined":{"minecraft:red_bed":2,"minecraft:oak_fence":1,"minecraft:crafting_table":1,"minecraft:grass_block":3,"minecraft:brown_wool":1,"minecraft:tall_grass":2,"minecraft:cyan_bed":5,"ecologics:seashell":1,"treechop:chopped_log":4,"minecraft:grass":7,"minecraft:fern":2}},"DataVersion":3465}