{"stats":{"minecraft:picked_up":{"minecraft:cocoa_beans":1,"minecraft:crafting_table":2,"minecraft:coarse_dirt":19,"minecraft:allium":25,"minecraft:wheat":23,"ecologics:seashell":2,"minecraft:wither_rose":2,"minecraft:enchanted_book":1,"minecraft:cornflower":6,"minecraft:red_bed":2,"minecraft:raw_copper":9,"minecraft:gold_nugget":2,"regions_unexplored:pine_log":12,"biomesoplenty:fir_planks":92,"minecraft:bucket":2,"minecraft:spruce_planks":2,"minecraft:beef":2,"minecraft:poppy":7,"minecraft:iron_pickaxe":5,"minecraft:lectern":1,"delightful:green_tea_leaf":6,"crittersandcompanions:clam":1,"mowziesmobs:naga_fang_dagger":1,"minecraft:stick":21,"minecraft:raw_iron":22,"ecologics:coconut_slice":4,"minecraft:oak_fence":1,"minecraft:torch":54,"tombstone:grave_dust":3,"minecraft:carrot":22,"minecraft:arrow":6,"minecraft:rotten_flesh":12,"blue_skies:scalefruit_seeds":2,"farmersdelight:onion":14,"minecraft:saddle":1,"minecraft:glistering_melon_slice":3,"sophisticatedbackpacks:copper_backpack":1,"supplementaries:ash":2,"minecraft:skeleton_skull":1,"minecraft:cobblestone":705,"minecraft:oxeye_daisy":3,"minecraft:brown_wool":4,"minecraft:potato":37,"biomesoplenty:fir_sapling":73,"biomesoplenty:fir_log":221,"minecraft:flint":1,"minecraft:gunpowder":1,"minecraft:cobblestone_stairs":1,"minecraft:lapis_lazuli":12,"minecraft:dirt":3713,"minecraft:leather_boots":1,"minecraft:bone":3,"farmersdelight:iron_knife":1,"minecraft:apple":4,"minecraft:wheat_seeds":128,"minecraft:iron_ingot":5,"minecraft:stone_pickaxe":1,"tombstone:bag_of_seeds":1,"minecraft:oak_planks":3,"minecraft:book":11,"minecraft:dandelion":31,"minecraft:oak_pressure_plate":1,"minecraft:gravel":12,"minecraft:sand":7,"minecraft:cyan_bed":8,"alexsmobs:animal_dictionary":2,"minecraft:bundle":1,"minecraft:pumpkin_seeds":2,"minecraft:stone_axe":1,"minecraft:granite":161,"minecraft:emerald":2,"minecraft:bread":9,"minecraft:oak_sapling":5,"minecraft:coal":49,"iceandfire:raw_silver":4},"minecraft:killed":{"minecraft:spider":1,"minecraft:skeleton":3,"minecraft:drowned":1,"minecraft:creeper":1,"minecraft:zombie":4},"minecraft:custom":{"minecraft:mob_kills":11,"minecraft:interact_with_crafting_table":41,"minecraft:open_barrel":7,"minecraft:damage_dealt_resisted":372,"minecraft:leave_game":10,"minecraft:time_since_death":918,"minecraft:sprint_one_cm":717946,"minecraft:walk_one_cm":645320,"minecraft:drop":59,"minecraft:damage_dealt_absorbed":119,"minecraft:talked_to_villager":1,"minecraft:play_time":366896,"minecraft:deaths":15,"minecraft:sneak_time":69630,"minecraft:walk_under_water_one_cm":37705,"minecraft:jump":4178,"minecraft:walk_on_water_one_cm":27728,"minecraft:total_world_time":366896,"minecraft:interact_with_furnace":15,"minecraft:sleep_in_bed":27,"minecraft:time_since_rest":0,"minecraft:waystone_activated":1,"minecraft:damage_taken":6586,"minecraft:damage_dealt":2278,"minecraft:swim_one_cm":20117,"minecraft:fly_one_cm":1004713,"minecraft:open_chest":64,"minecraft:crouch_one_cm":365143,"tombstone:undead_killed":8,"minecraft:fall_one_cm":111440},"minecraft:crafted":{"minecraft:stone_shovel":14,"minecraft:furnace":1,"minecraft:iron_axe":1,"minecraft:stone_pickaxe":3,"minecraft:cooked_beef":2,"minecraft:wooden_shovel":16,"minecraft:crafting_table":1,"minecraft:iron_sword":1,"minecraft:air":0,"biomesoplenty:fir_planks":16,"regions_unexplored:pine_planks":8,"minecraft:stick":100,"quark:oak_chest":2,"minecraft:iron_ingot":7,"minecraft:iron_pickaxe":3,"minecraft:iron_shovel":5,"minecraft:torch":76},"minecraft:used":{"minecraft:iron_shovel":1266,"minecraft:stone_shovel":1662,"minecraft:spruce_planks":1,"minecraft:iron_sword":1,"minecraft:wooden_shovel":1011,"minecraft:torch":130,"minecraft:dirt":3294,"ecologics:seashell":1,"minecraft:carrot":32,"minecraft:allium":12,"minecraft:granite":13,"minecraft:iron_axe":38,"delightful:green_tea_leaf":1,"minecraft:furnace":1,"tombstone:gift":2,"minecraft:cooked_beef":2,"minecraft:potato":85,"farmersdelight:iron_knife":60,"minecraft:water_bucket":56,"minecraft:stone_pickaxe":407,"biomesoplenty:fir_planks":77,"farmersdelight:onion":18,"minecraft:crafting_table":3,"minecraft:red_bed":1,"tombstone:bag_of_seeds":1,"minecraft:bread":14,"minecraft:cyan_bed":8,"minecraft:brown_wool":1,"minecraft:iron_pickaxe":501,"minecraft:stone_axe":21,"ecologics:coconut_slice":4,"minecraft:cobblestone":1,"minecraft:bucket":57,"quark:oak_chest":2,"biomesoplenty:fir_log":6,"minecraft:coarse_dirt":9,"aquaculture:pink_salmon":1},"minecraft:broken":{"minecraft:iron_shovel":4,"minecraft:wooden_shovel":16,"minecraft:stone_pickaxe":3,"minecraft:leather_boots":1,"minecraft:stone_axe":1,"minecraft:iron_pickaxe":2,"minecraft:stone_shovel":12},"minecraft:mined":{"iceandfire:silver_ore":4,"farmersdelight:wild_carrots":16,"minecraft:granite":122,"minecraft:allium":3,"minecraft:grass_block":3348,"minecraft:brown_wool":1,"ecologics:coconut_leaves":2,"minecraft:oxeye_daisy":1,"farmersdelight:wild_onions":9,"minecraft:iron_ore":8,"treechop:chopped_log":4,"minecraft:azure_bluet":1,"minecraft:dirt_path":4,"minecraft:stone":721,"minecraft:red_bed":2,"minecraft:dandelion":12,"minecraft:oak_fence":1,"minecraft:crafting_table":1,"minecraft:cornflower":1,"minecraft:torch":14,"biomesoplenty:fir_planks":5,"minecraft:poppy":4,"minecraft:cobblestone":5,"minecraft:copper_ore":4,"minecraft:tall_grass":10,"minecraft:cyan_bed":6,"minecraft:wall_torch":5,"minecraft:coarse_dirt":17,"ecologics:seashell":2,"minecraft:grass":226,"minecraft:coal_ore":21,"minecraft:gravel":13,"minecraft:sand":6,"minecraft:dirt":492,"minecraft:fern":2},"minecraft:dropped":{"minecraft:wheat_seeds":71,"minecraft:cobblestone":1,"minecraft:granite":41,"minecraft:coal":3,"minecraft:oxeye_daisy":1,"minecraft:dirt":4,"minecraft:cornflower":3,"tombstone:grave_dust":3,"minecraft:sand":1,"minecraft:iron_pickaxe":4,"minecraft:dandelion":15,"regions_unexplored:pine_log":12,"minecraft:coarse_dirt":1,"alexsmobs:animal_dictionary":3,"minecraft:cocoa_beans":1,"blue_skies:scalefruit_seeds":2,"minecraft:rotten_flesh":6,"minecraft:oak_planks":1,"minecraft:carrot":2,"minecraft:pumpkin_seeds":2,"minecraft:poppy":6,"minecraft:allium":13,"minecraft:spruce_planks":1,"ecologics:coconut_husk":4,"ecologics:seashell":1}},"DataVersion":3465}