{"stats":{"minecraft:broken":{"minecraft:iron_shovel":4,"minecraft:wooden_shovel":16,"minecraft:stone_pickaxe":1,"minecraft:leather_boots":1,"minecraft:stone_axe":1,"minecraft:stone_shovel":6},"minecraft:mined":{"farmersdelight:wild_carrots":16,"minecraft:allium":3,"minecraft:grass_block":2366,"minecraft:brown_wool":1,"ecologics:coconut_leaves":2,"minecraft:oxeye_daisy":1,"farmersdelight:wild_onions":9,"treechop:chopped_log":4,"minecraft:azure_bluet":1,"minecraft:dirt_path":2,"minecraft:stone":200,"minecraft:red_bed":2,"minecraft:dandelion":12,"minecraft:oak_fence":1,"minecraft:crafting_table":1,"minecraft:cornflower":1,"minecraft:torch":9,"biomesoplenty:fir_planks":5,"minecraft:poppy":4,"minecraft:copper_ore":1,"minecraft:cobblestone":3,"minecraft:tall_grass":10,"minecraft:cyan_bed":6,"minecraft:wall_torch":5,"minecraft:coarse_dirt":9,"ecologics:seashell":2,"minecraft:grass":215,"minecraft:coal_ore":19,"minecraft:sand":6,"minecraft:dirt":459,"minecraft:fern":2},"minecraft:picked_up":{"minecraft:cocoa_beans":1,"minecraft:crafting_table":2,"minecraft:coarse_dirt":10,"minecraft:allium":25,"minecraft:wheat":23,"ecologics:seashell":2,"minecraft:wither_rose":2,"minecraft:enchanted_book":1,"minecraft:cornflower":6,"minecraft:red_bed":2,"minecraft:gold_nugget":2,"regions_unexplored:pine_log":12,"biomesoplenty:fir_planks":92,"minecraft:bucket":2,"minecraft:spruce_planks":2,"minecraft:beef":2,"minecraft:poppy":5,"minecraft:iron_pickaxe":1,"minecraft:lectern":1,"delightful:green_tea_leaf":6,"crittersandcompanions:clam":1,"minecraft:stick":21,"minecraft:raw_iron":15,"ecologics:coconut_slice":4,"minecraft:oak_fence":1,"minecraft:torch":29,"tombstone:grave_dust":3,"minecraft:carrot":22,"minecraft:arrow":6,"minecraft:rotten_flesh":12,"blue_skies:scalefruit_seeds":2,"farmersdelight:onion":14,"minecraft:saddle":1,"sophisticatedbackpacks:copper_backpack":1,"supplementaries:ash":2,"minecraft:skeleton_skull":1,"minecraft:cobblestone":204,"minecraft:oxeye_daisy":3,"minecraft:brown_wool":4,"minecraft:potato":37,"biomesoplenty:fir_sapling":73,"biomesoplenty:fir_log":221,"minecraft:cobblestone_stairs":1,"minecraft:lapis_lazuli":12,"minecraft:dirt":2799,"minecraft:leather_boots":1,"minecraft:bone":3,"farmersdelight:iron_knife":1,"minecraft:apple":4,"minecraft:wheat_seeds":122,"minecraft:iron_ingot":5,"minecraft:stone_pickaxe":1,"tombstone:bag_of_seeds":1,"minecraft:oak_planks":3,"minecraft:book":11,"minecraft:dandelion":16,"minecraft:oak_pressure_plate":1,"minecraft:sand":7,"minecraft:cyan_bed":8,"alexsmobs:animal_dictionary":2,"minecraft:pumpkin_seeds":2,"minecraft:stone_axe":1,"minecraft:emerald":2,"minecraft:bread":6,"minecraft:oak_sapling":5,"minecraft:coal":47},"minecraft:used":{"minecraft:iron_shovel":1057,"minecraft:stone_shovel":852,"minecraft:spruce_planks":1,"minecraft:iron_sword":1,"minecraft:wooden_shovel":1011,"minecraft:torch":102,"minecraft:dirt":2698,"minecraft:carrot":16,"ecologics:seashell":1,"minecraft:allium":12,"minecraft:iron_axe":35,"delightful:green_tea_leaf":1,"minecraft:furnace":1,"tombstone:gift":2,"minecraft:cooked_beef":2,"minecraft:potato":85,"farmersdelight:iron_knife":59,"minecraft:water_bucket":52,"minecraft:stone_pickaxe":132,"biomesoplenty:fir_planks":77,"farmersdelight:onion":12,"minecraft:crafting_table":3,"minecraft:red_bed":1,"tombstone:bag_of_seeds":1,"minecraft:cyan_bed":8,"minecraft:bread":11,"minecraft:brown_wool":1,"minecraft:iron_pickaxe":94,"minecraft:stone_axe":21,"ecologics:coconut_slice":4,"minecraft:cobblestone":1,"minecraft:bucket":53,"quark:oak_chest":2,"biomesoplenty:fir_log":6,"minecraft:coarse_dirt":9,"aquaculture:pink_salmon":1},"minecraft:dropped":{"minecraft:wheat_seeds":66,"minecraft:cobblestone":1,"minecraft:coal":3,"minecraft:dirt":4,"minecraft:cornflower":3,"tombstone:grave_dust":3,"minecraft:sand":1,"regions_unexplored:pine_log":12,"alexsmobs:animal_dictionary":3,"minecraft:cocoa_beans":1,"blue_skies:scalefruit_seeds":2,"minecraft:rotten_flesh":6,"minecraft:oak_planks":1,"minecraft:carrot":2,"minecraft:pumpkin_seeds":2,"minecraft:spruce_planks":1,"ecologics:coconut_husk":4,"ecologics:seashell":1},"minecraft:custom":{"minecraft:mob_kills":10,"minecraft:interact_with_crafting_table":27,"minecraft:open_barrel":7,"minecraft:damage_dealt_resisted":372,"minecraft:leave_game":4,"minecraft:time_since_death":66820,"minecraft:sprint_one_cm":625778,"minecraft:walk_one_cm":414265,"minecraft:drop":45,"minecraft:damage_dealt_absorbed":119,"minecraft:play_time":245576,"minecraft:deaths":14,"minecraft:sneak_time":51658,"minecraft:walk_under_water_one_cm":37705,"minecraft:jump":3573,"minecraft:walk_on_water_one_cm":26048,"minecraft:total_world_time":245576,"minecraft:interact_with_furnace":4,"minecraft:sleep_in_bed":14,"minecraft:time_since_rest":5345,"minecraft:waystone_activated":1,"minecraft:damage_taken":5773,"minecraft:damage_dealt":2056,"minecraft:swim_one_cm":20117,"minecraft:fly_one_cm":875472,"minecraft:open_chest":46,"minecraft:crouch_one_cm":266410,"tombstone:undead_killed":8,"minecraft:fall_one_cm":105108},"minecraft:killed":{"minecraft:spider":1,"minecraft:skeleton":3,"minecraft:drowned":1,"minecraft:zombie":4},"minecraft:crafted":{"minecraft:stone_shovel":8,"minecraft:furnace":1,"minecraft:iron_axe":1,"minecraft:cooked_beef":2,"minecraft:wooden_shovel":16,"minecraft:crafting_table":1,"minecraft:iron_sword":1,"minecraft:air":0,"biomesoplenty:fir_planks":16,"minecraft:stick":68,"quark:oak_chest":2,"minecraft:iron_pickaxe":1,"minecraft:iron_shovel":4,"minecraft:torch":76}},"DataVersion":3465}