{"stats":{"minecraft:custom":{"minecraft:mob_kills":1,"minecraft:interact_with_crafting_table":6,"minecraft:open_barrel":3,"minecraft:time_since_death":1431,"minecraft:sleep_in_bed":3,"minecraft:time_since_rest":1,"minecraft:waystone_activated":1,"minecraft:sprint_one_cm":196360,"minecraft:damage_taken":3480,"minecraft:walk_one_cm":68406,"minecraft:drop":27,"minecraft:damage_dealt":285,"minecraft:swim_one_cm":10940,"minecraft:fly_one_cm":310007,"minecraft:open_chest":9,"minecraft:crouch_one_cm":3632,"minecraft:play_time":53264,"minecraft:deaths":8,"minecraft:sneak_time":1078,"minecraft:walk_under_water_one_cm":26652,"minecraft:jump":1032,"minecraft:walk_on_water_one_cm":9842,"minecraft:total_world_time":53264,"minecraft:fall_one_cm":43083},"minecraft:used":{"minecraft:water_bucket":18,"minecraft:spruce_planks":1,"minecraft:iron_sword":1,"farmersdelight:onion":1,"minecraft:crafting_table":1,"minecraft:red_bed":1,"minecraft:bread":10,"minecraft:cyan_bed":2,"minecraft:brown_wool":1,"delightful:green_tea_leaf":1,"minecraft:bucket":18,"tombstone:gift":2,"aquaculture:pink_salmon":1},"minecraft:picked_up":{"minecraft:crafting_table":2,"minecraft:wheat":23,"minecraft:brown_wool":4,"minecraft:potato":37,"biomesoplenty:fir_sapling":42,"biomesoplenty:fir_log":97,"minecraft:wither_rose":2,"minecraft:enchanted_book":1,"minecraft:cobblestone_stairs":1,"minecraft:lapis_lazuli":12,"minecraft:dirt":6,"minecraft:red_bed":2,"farmersdelight:iron_knife":1,"minecraft:apple":4,"minecraft:wheat_seeds":8,"minecraft:gold_nugget":2,"minecraft:bucket":2,"biomesoplenty:fir_planks":88,"minecraft:spruce_planks":2,"minecraft:iron_ingot":5,"minecraft:beef":2,"minecraft:stone_pickaxe":1,"minecraft:iron_pickaxe":1,"minecraft:lectern":1,"delightful:green_tea_leaf":5,"minecraft:oak_planks":2,"minecraft:book":11,"minecraft:stick":10,"minecraft:raw_iron":15,"minecraft:oak_fence":1,"minecraft:oak_pressure_plate":1,"tombstone:grave_dust":2,"minecraft:carrot":1,"minecraft:cyan_bed":5,"alexsmobs:animal_dictionary":2,"minecraft:arrow":3,"minecraft:stone_axe":1,"farmersdelight:onion":3,"minecraft:saddle":1,"minecraft:bread":6,"minecraft:emerald":2,"minecraft:oak_sapling":5,"minecraft:coal":3},"minecraft:crafted":{"minecraft:crafting_table":1,"minecraft:iron_sword":1,"biomesoplenty:fir_planks":12,"minecraft:iron_pickaxe":1},"minecraft:dropped":{"regions_unexplored:pine_log":12,"minecraft:wheat_seeds":8,"alexsmobs:animal_dictionary":3,"minecraft:carrot":2,"minecraft:dirt":3,"minecraft:spruce_planks":1,"tombstone:grave_dust":3},"minecraft:mined":{"minecraft:red_bed":2,"minecraft:oak_fence":1,"minecraft:crafting_table":1,"minecraft:grass_block":3,"minecraft:brown_wool":1,"minecraft:cyan_bed":3,"treechop:chopped_log":1,"minecraft:grass":2,"minecraft:fern":2}},"DataVersion":3465}