{"stats":{"minecraft:broken":{"minecraft:iron_shovel":3,"minecraft:wooden_shovel":15,"minecraft:stone_pickaxe":1,"minecraft:leather_boots":1,"minecraft:stone_axe":1},"minecraft:mined":{"farmersdelight:wild_carrots":9,"minecraft:allium":1,"minecraft:grass_block":1467,"minecraft:brown_wool":1,"ecologics:coconut_leaves":2,"minecraft:oxeye_daisy":1,"farmersdelight:wild_onions":3,"treechop:chopped_log":4,"minecraft:azure_bluet":1,"minecraft:dirt_path":1,"minecraft:stone":148,"minecraft:red_bed":2,"minecraft:dandelion":8,"minecraft:oak_fence":1,"minecraft:crafting_table":1,"minecraft:cornflower":1,"minecraft:torch":1,"biomesoplenty:fir_planks":5,"minecraft:poppy":2,"minecraft:cobblestone":3,"minecraft:tall_grass":10,"minecraft:cyan_bed":6,"minecraft:wall_torch":1,"ecologics:seashell":2,"minecraft:grass":156,"minecraft:coal_ore":19,"minecraft:sand":6,"minecraft:dirt":369,"minecraft:fern":2},"minecraft:picked_up":{"minecraft:cocoa_beans":1,"minecraft:coarse_dirt":1,"minecraft:crafting_table":2,"minecraft:allium":12,"minecraft:wheat":23,"ecologics:seashell":2,"minecraft:wither_rose":2,"minecraft:enchanted_book":1,"minecraft:cornflower":6,"minecraft:red_bed":2,"minecraft:gold_nugget":2,"regions_unexplored:pine_log":12,"minecraft:bucket":2,"biomesoplenty:fir_planks":92,"minecraft:spruce_planks":2,"minecraft:beef":2,"minecraft:poppy":3,"minecraft:iron_pickaxe":1,"minecraft:lectern":1,"delightful:green_tea_leaf":6,"crittersandcompanions:clam":1,"minecraft:raw_iron":15,"minecraft:stick":21,"ecologics:coconut_slice":4,"minecraft:oak_fence":1,"minecraft:torch":9,"tombstone:grave_dust":3,"minecraft:carrot":15,"minecraft:rotten_flesh":12,"minecraft:arrow":6,"blue_skies:scalefruit_seeds":2,"farmersdelight:onion":8,"minecraft:saddle":1,"supplementaries:ash":2,"sophisticatedbackpacks:copper_backpack":1,"minecraft:skeleton_skull":1,"minecraft:cobblestone":154,"minecraft:oxeye_daisy":3,"minecraft:brown_wool":4,"minecraft:potato":37,"biomesoplenty:fir_sapling":73,"biomesoplenty:fir_log":221,"minecraft:cobblestone_stairs":1,"minecraft:lapis_lazuli":12,"minecraft:dirt":1827,"minecraft:leather_boots":1,"minecraft:bone":3,"farmersdelight:iron_knife":1,"minecraft:apple":4,"minecraft:wheat_seeds":101,"minecraft:iron_ingot":5,"minecraft:stone_pickaxe":1,"tombstone:bag_of_seeds":1,"minecraft:oak_planks":3,"minecraft:book":11,"minecraft:dandelion":14,"minecraft:oak_pressure_plate":1,"minecraft:sand":7,"minecraft:cyan_bed":8,"alexsmobs:animal_dictionary":2,"minecraft:pumpkin_seeds":2,"minecraft:stone_axe":1,"minecraft:emerald":2,"minecraft:bread":6,"minecraft:oak_sapling":5,"minecraft:coal":47},"minecraft:used":{"minecraft:iron_shovel":957,"minecraft:spruce_planks":1,"minecraft:iron_sword":1,"minecraft:wooden_shovel":951,"minecraft:torch":84,"minecraft:dirt":1719,"ecologics:seashell":1,"minecraft:carrot":11,"minecraft:allium":12,"minecraft:iron_axe":35,"delightful:green_tea_leaf":1,"minecraft:furnace":1,"tombstone:gift":2,"minecraft:cooked_beef":2,"minecraft:potato":85,"farmersdelight:iron_knife":55,"minecraft:water_bucket":52,"minecraft:stone_pickaxe":132,"biomesoplenty:fir_planks":77,"farmersdelight:onion":12,"minecraft:crafting_table":3,"minecraft:red_bed":1,"tombstone:bag_of_seeds":1,"minecraft:cyan_bed":8,"minecraft:bread":11,"minecraft:brown_wool":1,"minecraft:iron_pickaxe":40,"minecraft:stone_axe":21,"ecologics:coconut_slice":4,"minecraft:cobblestone":1,"minecraft:bucket":53,"quark:oak_chest":2,"biomesoplenty:fir_log":6,"minecraft:coarse_dirt":1,"aquaculture:pink_salmon":1},"minecraft:dropped":{"minecraft:wheat_seeds":66,"minecraft:cobblestone":1,"minecraft:coal":3,"minecraft:dirt":4,"minecraft:cornflower":3,"tombstone:grave_dust":3,"minecraft:sand":1,"regions_unexplored:pine_log":12,"alexsmobs:animal_dictionary":3,"minecraft:cocoa_beans":1,"blue_skies:scalefruit_seeds":2,"minecraft:rotten_flesh":6,"minecraft:oak_planks":1,"minecraft:carrot":2,"minecraft:pumpkin_seeds":2,"minecraft:spruce_planks":1,"ecologics:coconut_husk":4,"ecologics:seashell":1},"minecraft:custom":{"minecraft:mob_kills":10,"minecraft:interact_with_crafting_table":24,"minecraft:open_barrel":3,"minecraft:damage_dealt_resisted":372,"minecraft:leave_game":4,"minecraft:time_since_death":28565,"minecraft:sprint_one_cm":561032,"minecraft:walk_one_cm":320599,"minecraft:drop":45,"minecraft:damage_dealt_absorbed":119,"minecraft:play_time":207321,"minecraft:deaths":14,"minecraft:sneak_time":38078,"minecraft:walk_under_water_one_cm":37705,"minecraft:jump":3156,"minecraft:walk_on_water_one_cm":25963,"minecraft:total_world_time":207321,"minecraft:interact_with_furnace":3,"minecraft:sleep_in_bed":11,"minecraft:time_since_rest":8051,"minecraft:waystone_activated":1,"minecraft:damage_taken":5703,"minecraft:damage_dealt":2056,"minecraft:swim_one_cm":20117,"minecraft:fly_one_cm":788163,"minecraft:open_chest":35,"minecraft:crouch_one_cm":189918,"tombstone:undead_killed":8,"minecraft:fall_one_cm":96092},"minecraft:killed":{"minecraft:spider":1,"minecraft:skeleton":3,"minecraft:drowned":1,"minecraft:zombie":4},"minecraft:crafted":{"minecraft:furnace":1,"minecraft:iron_axe":1,"minecraft:cooked_beef":2,"minecraft:wooden_shovel":16,"minecraft:crafting_table":1,"minecraft:iron_sword":1,"minecraft:air":0,"biomesoplenty:fir_planks":16,"minecraft:stick":52,"quark:oak_chest":2,"minecraft:iron_pickaxe":1,"minecraft:iron_shovel":4,"minecraft:torch":76}},"DataVersion":3465}