{"stats":{"minecraft:custom":{"minecraft:time_since_rest":4078,"minecraft:open_chest":6,"minecraft:crouch_one_cm":1336,"minecraft:play_time":17264,"minecraft:sprint_one_cm":54224,"minecraft:walk_one_cm":23341,"minecraft:damage_taken":990,"minecraft:deaths":3,"minecraft:sneak_time":269,"minecraft:walk_under_water_one_cm":589,"minecraft:drop":8,"minecraft:jump":281,"minecraft:damage_dealt":257,"minecraft:time_since_death":4842,"minecraft:walk_on_water_one_cm":2911,"minecraft:total_world_time":17264,"minecraft:swim_one_cm":32,"minecraft:fly_one_cm":74210,"minecraft:fall_one_cm":9527,"minecraft:open_barrel":3},"minecraft:used":{"delightful:green_tea_leaf":1,"minecraft:bread":1,"minecraft:bucket":1,"minecraft:spruce_planks":1,"tombstone:gift":1},"minecraft:picked_up":{"minecraft:stick":10,"minecraft:apple":4,"minecraft:wheat_seeds":6,"minecraft:spruce_planks":2,"minecraft:bucket":1,"minecraft:potato":9,"biomesoplenty:fir_sapling":21,"biomesoplenty:fir_log":97,"minecraft:enchanted_book":1,"minecraft:iron_ingot":3,"minecraft:bread":5,"minecraft:emerald":2,"tombstone:grave_dust":2,"minecraft:cyan_bed":1,"minecraft:oak_sapling":5,"delightful:green_tea_leaf":3,"minecraft:lapis_lazuli":3},"minecraft:dropped":{"tombstone:grave_dust":2,"minecraft:wheat_seeds":6},"minecraft:mined":{"minecraft:cyan_bed":1,"treechop:chopped_log":1,"minecraft:fern":2}},"DataVersion":3465}