{"stats":{"minecraft:picked_up":{"minecraft:wheat_seeds":1,"minecraft:dirt":9},"minecraft:custom":{"minecraft:jump":65,"minecraft:time_since_rest":5264,"minecraft:damage_dealt":6,"minecraft:sprint_one_cm":19505,"minecraft:play_time":5264,"minecraft:time_since_death":5264,"minecraft:walk_one_cm":4309,"minecraft:sneak_time":66,"minecraft:total_world_time":5264,"minecraft:fall_one_cm":2324,"minecraft:fly_one_cm":141842},"minecraft:mined":{"minecraft:tall_grass":2,"regions_unexplored:medium_grass":1,"minecraft:grass_block":11,"minecraft:dirt":1}},"DataVersion":3465}