{"stats":{"minecraft:mined":{"minecraft:grass_block":4,"minecraft:oak_leaves":3},"minecraft:custom":{"minecraft:time_since_rest":18325,"minecraft:open_chest":3,"minecraft:crouch_one_cm":329,"minecraft:play_time":18325,"minecraft:sprint_one_cm":14931,"tombstone:undead_killed":3,"minecraft:walk_one_cm":10483,"minecraft:sneak_time":1126,"minecraft:mob_kills":10,"tombstone:villager_killed":1,"minecraft:jump":74,"minecraft:damage_dealt":1511,"minecraft:leave_game":1,"minecraft:walk_on_water_one_cm":191,"minecraft:time_since_death":18325,"minecraft:total_world_time":18325,"minecraft:fall_one_cm":1753,"minecraft:fly_one_cm":763206},"minecraft:picked_up":{"minecraft:rotten_flesh":3,"minecraft:brown_mushroom":1,"minecraft:porkchop":6,"alexsdelight:raw_bison":4,"supplementaries:ash":1,"minecraft:mutton":2,"minecraft:dirt":4,"minecraft:white_wool":2},"minecraft:killed":{"minecraft:sheep":3,"mca:male_villager":1,"alexsmobs:bison":1,"minecraft:zombie":2,"minecraft:pig":2,"minecraft:zombified_piglin":1},"minecraft:used":{"iceandfire:dragonsteel_lightning_axe":11}},"DataVersion":3465}