{"stats":{"minecraft:custom":{"minecraft:time_since_rest":16957,"minecraft:sprint_one_cm":46184,"minecraft:damage_taken":210,"minecraft:walk_one_cm":38058,"minecraft:damage_dealt":20,"minecraft:interact_with_crafting_table":3,"minecraft:fly_one_cm":28555,"minecraft:open_chest":1,"minecraft:play_time":16957,"minecraft:sneak_time":4,"minecraft:jump":185,"minecraft:time_since_death":16957,"minecraft:walk_on_water_one_cm":740,"minecraft:total_world_time":16957,"minecraft:fall_one_cm":6700},"minecraft:used":{"minecraft:stone_pickaxe":19,"minecraft:wooden_pickaxe":4,"biomesoplenty:fir_planks":13,"minecraft:stone_axe":16,"minecraft:dirt":1,"minecraft:crafting_table":2,"minecraft:carrot":6},"minecraft:picked_up":{"minecraft:stick":12,"minecraft:raw_iron":8,"regions_unexplored:pine_sapling":2,"minecraft:potato":13,"biomesoplenty:fir_sapling":4,"biomesoplenty:fir_log":24,"minecraft:warped_planks":1,"minecraft:carrot":13,"minecraft:dirt":1,"regions_unexplored:pine_log":12,"minecraft:spruce_planks":1,"minecraft:cobblestone":14},"minecraft:crafted":{"biomesoplenty:fir_planks":88,"minecraft:wooden_sword":1,"minecraft:crafting_table":2,"minecraft:stick":16,"minecraft:wooden_pickaxe":1,"minecraft:stone_pickaxe":3,"minecraft:stone_sword":1,"minecraft:stone_axe":1},"minecraft:mined":{"minecraft:spruce_planks":3,"minecraft:warped_planks":1,"minecraft:iron_ore":8,"treechop:chopped_log":2,"minecraft:grass":2,"minecraft:dirt":1,"minecraft:cobblestone":1,"minecraft:stone":13,"minecraft:fern":1}},"DataVersion":3465}