{"stats":{"minecraft:custom":{"minecraft:mob_kills":30,"minecraft:interact_with_crafting_table":24,"minecraft:open_barrel":2,"minecraft:leave_game":3,"minecraft:time_since_death":64596,"minecraft:sprint_one_cm":473999,"minecraft:walk_one_cm":311474,"minecraft:drop":24,"minecraft:play_time":140048,"minecraft:deaths":5,"minecraft:sneak_time":3647,"minecraft:walk_under_water_one_cm":18731,"minecraft:jump":1854,"minecraft:walk_on_water_one_cm":11192,"minecraft:total_world_time":140048,"minecraft:interact_with_furnace":18,"minecraft:interact_with_loom":1,"minecraft:sleep_in_bed":10,"minecraft:time_since_rest":20882,"minecraft:damage_taken":3560,"minecraft:damage_dealt":4457,"minecraft:swim_one_cm":31003,"minecraft:fly_one_cm":869731,"minecraft:open_chest":37,"minecraft:crouch_one_cm":10267,"tombstone:undead_killed":1,"minecraft:fall_one_cm":63589},"minecraft:used":{"autumnity:turkey_egg":1,"minecraft:stone_shovel":50,"minecraft:dried_kelp":40,"minecraft:iron_sword":72,"minecraft:iron_chestplate":1,"minecraft:torch":21,"minecraft:dirt":36,"minecraft:mutton":4,"minecraft:carrot":19,"farmersdelight:bacon":4,"iceandfire:dragonsteel_lightning_axe":3,"minecraft:lantern":1,"minecraft:iron_axe":6,"aquaculture:boulti":2,"minecraft:bow":3,"minecraft:beef":4,"minecraft:furnace":2,"minecraft:potato":28,"minecraft:cooked_mutton":4,"minecraft:water_bucket":11,"minecraft:stone_pickaxe":92,"minecraft:oak_planks":8,"minecraft:wooden_pickaxe":4,"biomesoplenty:fir_planks":709,"minecraft:salmon":5,"farmersdelight:onion":4,"minecraft:crafting_table":3,"minecraft:cod":5,"minecraft:cyan_bed":2,"minecraft:bread":1,"minecraft:lectern":1,"iceandfire:dragonsteel_ice_axe":7,"minecraft:stone_axe":158,"minecraft:cobblestone":12,"autumnity:cooked_turkey":2,"minecraft:porkchop":4,"minecraft:bucket":10,"quark:oak_chest":2},"minecraft:broken":{"minecraft:stone_axe":1},"minecraft:picked_up":{"minecraft:chicken":1,"minecraft:wooden_pickaxe":2,"minecraft:oak_stairs":2,"minecraft:enchanted_book":1,"minecraft:brewing_stand":2,"minecraft:string":2,"minecraft:red_bed":1,"regions_unexplored:pine_log":24,"minecraft:bucket":2,"biomesoplenty:fir_planks":449,"minecraft:spruce_planks":1,"minecraft:beef":6,"alexsmobs:raccoon_tail":1,"minecraft:lectern":2,"minecraft:sugar_cane":2,"minecraft:egg":1,"autumnity:cooked_turkey":1,"minecraft:stick":28,"minecraft:raw_iron":30,"minecraft:torch":2,"minecraft:spruce_stairs":1,"minecraft:porkchop":4,"tombstone:grave_dust":2,"minecraft:warped_planks":1,"minecraft:carrot":16,"minecraft:stone_sword":1,"minecraft:arrow":6,"minecraft:stone_shovel":1,"minecraft:rotten_flesh":3,"farmersdelight:onion":5,"autumnity:turkey_egg":1,"minecraft:saddle":1,"autumnity:turkey":1,"minecraft:mutton":18,"minecraft:cod":6,"minecraft:white_wool":11,"minecraft:cobblestone":52,"minecraft:stripped_oak_log":4,"minecraft:feather":7,"minecraft:water_bucket":2,"minecraft:leather":1,"biomesoplenty:fir_log":118,"minecraft:filled_map":1,"minecraft:potato":13,"biomesoplenty:fir_sapling":4,"farmersdelight:bacon":4,"regions_unexplored:salmon_poppy_bush":1,"minecraft:dirt":90,"minecraft:lantern":1,"minecraft:bone":10,"farmersdelight:iron_knife":1,"minecraft:kelp":113,"minecraft:bow":1,"minecraft:wheat_seeds":3,"farmersdelight:pumpkin_slice":2,"minecraft:stone_pickaxe":3,"aquaculture:minnow":1,"minecraft:iron_sword":1,"minecraft:oak_planks":10,"minecraft:book":151,"minecraft:oak_slab":2,"minecraft:pumpkin":1,"regions_unexplored:pine_sapling":2,"minecraft:oak_pressure_plate":4,"ecologics:coconut_husk":8,"minecraft:cyan_bed":3,"quark:oak_chest":5,"alexsmobs:animal_dictionary":2,"aquaculture:boulti":2,"mowziesmobs:naga_fang":2,"minecraft:stone_axe":1,"minecraft:emerald":9,"minecraft:bread":1,"minecraft:oak_sapling":5,"minecraft:coal":27},"minecraft:crafted":{"minecraft:wooden_sword":1,"minecraft:oak_planks":8,"minecraft:furnace":2,"minecraft:cooked_mutton":4,"minecraft:iron_axe":1,"autumnity:cooked_turkey":1,"minecraft:stone_pickaxe":3,"minecraft:crafting_table":3,"minecraft:dried_kelp":45,"minecraft:wooden_pickaxe":1,"minecraft:pumpkin_seeds":4,"more_bows_and_arrows:iron_bow":1,"minecraft:stone_axe":2,"biomesoplenty:fir_planks":429,"minecraft:iron_chestplate":1,"minecraft:iron_ingot":23,"minecraft:stick":48,"quark:oak_chest":1,"minecraft:iron_pickaxe":1,"minecraft:stone_sword":1,"minecraft:torch":32},"minecraft:dropped":{"biomesoplenty:fir_log":9,"minecraft:water_bucket":1,"minecraft:wheat_seeds":3,"minecraft:oak_pressure_plate":3,"minecraft:cobblestone":1,"aquaculture:minnow":1,"minecraft:stick":16,"minecraft:dirt":1,"tombstone:grave_dust":1,"quark:oak_chest":3,"minecraft:warped_planks":1,"biomesoplenty:fir_planks":60,"minecraft:spruce_planks":1,"ecologics:coconut_husk":4,"minecraft:oak_sapling":5,"minecraft:wooden_pickaxe":2,"minecraft:egg":1},"minecraft:mined":{"minecraft:spruce_planks":3,"minecraft:brewing_stand":1,"minecraft:grass_block":36,"minecraft:kelp":7,"minecraft:tall_seagrass":7,"minecraft:iron_ore":15,"minecraft:pumpkin":1,"treechop:chopped_log":2,"minecraft:bookshelf":25,"minecraft:oak_stairs":2,"minecraft:stripped_oak_log":2,"minecraft:stone":38,"autumnity:cooked_turkey":1,"minecraft:oak_slab":2,"minecraft:kelp_plant":23,"quark:oak_chest":1,"minecraft:torch":1,"biomesoplenty:fir_planks":69,"minecraft:lectern":1,"minecraft:cobblestone":12,"minecraft:cyan_bed":2,"minecraft:oak_planks":11,"minecraft:wall_torch":2,"minecraft:seagrass":4,"minecraft:spruce_stairs":1,"minecraft:warped_planks":1,"minecraft:potted_poppy":1,"minecraft:grass":9,"minecraft:oak_log":2,"minecraft:coal_ore":27,"minecraft:dirt":22,"minecraft:fern":1},"minecraft:killed":{"alexsmobs:raccoon":2,"minecraft:spider":1,"minecraft:cod":6,"alexsmobs:seagull":1,"minecraft:skeleton":1,"minecraft:chicken":2,"autumnity:turkey":1,"minecraft:sheep":6,"alexsmobs:crow":1,"minecraft:cow":2,"mowziesmobs:naga":7}},"DataVersion":3465}