{"stats":{"minecraft:custom":{"minecraft:time_since_rest":2274,"minecraft:sprint_one_cm":107240,"minecraft:damage_taken":1120,"minecraft:walk_one_cm":62644,"minecraft:mob_kills":1,"minecraft:drop":1,"minecraft:damage_dealt":347,"minecraft:interact_with_crafting_table":3,"minecraft:fly_one_cm":90691,"minecraft:open_barrel":2,"minecraft:open_chest":4,"minecraft:crouch_one_cm":941,"minecraft:play_time":28957,"tombstone:undead_killed":1,"minecraft:deaths":2,"minecraft:sneak_time":198,"minecraft:walk_under_water_one_cm":256,"minecraft:jump":433,"minecraft:time_since_death":8152,"minecraft:walk_on_water_one_cm":2622,"minecraft:sleep_in_bed":4,"minecraft:total_world_time":28957,"minecraft:fall_one_cm":13653},"minecraft:used":{"minecraft:water_bucket":3,"minecraft:lantern":1,"minecraft:stone_pickaxe":37,"minecraft:wooden_pickaxe":4,"biomesoplenty:fir_planks":30,"minecraft:salmon":5,"minecraft:stone_axe":61,"minecraft:dirt":1,"minecraft:crafting_table":2,"minecraft:carrot":18,"minecraft:bucket":2,"minecraft:potato":4},"minecraft:picked_up":{"minecraft:book":75,"minecraft:oak_slab":2,"minecraft:stick":12,"minecraft:raw_iron":15,"regions_unexplored:pine_sapling":2,"minecraft:spruce_stairs":1,"minecraft:potato":13,"biomesoplenty:fir_sapling":4,"biomesoplenty:fir_log":24,"regions_unexplored:salmon_poppy_bush":1,"minecraft:brewing_stand":1,"tombstone:grave_dust":1,"minecraft:warped_planks":1,"minecraft:carrot":15,"minecraft:cyan_bed":1,"alexsmobs:animal_dictionary":2,"minecraft:dirt":1,"minecraft:lantern":1,"minecraft:bone":2,"minecraft:arrow":3,"regions_unexplored:pine_log":24,"minecraft:spruce_planks":1,"minecraft:lectern":1,"minecraft:oak_planks":1,"minecraft:coal":10,"minecraft:cobblestone":14},"minecraft:crafted":{"biomesoplenty:fir_planks":88,"minecraft:wooden_sword":1,"minecraft:crafting_table":2,"minecraft:stick":16,"minecraft:wooden_pickaxe":1,"minecraft:stone_pickaxe":3,"minecraft:stone_sword":1,"minecraft:stone_axe":1},"minecraft:dropped":{"tombstone:grave_dust":1},"minecraft:mined":{"minecraft:spruce_stairs":1,"minecraft:oak_slab":2,"minecraft:spruce_planks":3,"minecraft:warped_planks":1,"minecraft:iron_ore":15,"treechop:chopped_log":2,"minecraft:brewing_stand":1,"minecraft:grass":3,"minecraft:bookshelf":25,"minecraft:coal_ore":10,"minecraft:lectern":1,"minecraft:dirt":1,"minecraft:cobblestone":1,"minecraft:cyan_bed":1,"minecraft:stone":13,"minecraft:oak_planks":1,"minecraft:fern":1},"minecraft:killed":{"minecraft:skeleton":1}},"DataVersion":3465}