{"stats":{"minecraft:broken":{"farmersdelight:iron_knife":1,"minecraft:iron_axe":1,"minecraft:stone_axe":1,"minecraft:stone_shovel":1},"minecraft:mined":{"minecraft:diamond_ore":3,"minecraft:spruce_planks":28,"iceandfire:silver_ore":5,"minecraft:mossy_cobblestone":1,"minecraft:brewing_stand":1,"minecraft:granite":2,"minecraft:grass_block":129,"minecraft:jungle_planks":3,"minecraft:kelp":7,"minecraft:large_fern":1,"minecraft:tall_seagrass":7,"minecraft:redstone_ore":3,"minecraft:iron_ore":26,"minecraft:andesite":18,"minecraft:deepslate_lapis_ore":9,"treechop:chopped_log":6,"minecraft:pumpkin":1,"minecraft:fletching_table":2,"minecraft:bookshelf":25,"minecraft:vine":3,"minecraft:deepslate_iron_ore":14,"minecraft:oak_stairs":2,"minecraft:stripped_oak_log":2,"minecraft:stone":164,"minecraft:spruce_slab":1,"autumnity:cooked_turkey":1,"minecraft:oak_slab":3,"minecraft:redstone_block":1,"autumnity:carved_large_pumpkin_slice":3,"minecraft:red_bed":2,"minecraft:kelp_plant":23,"quark:oak_chest":2,"autumnity:maple_planks":18,"minecraft:torch":1,"regions_unexplored:salmon_poppy_bush":2,"biomesoplenty:fir_planks":153,"minecraft:chest":2,"minecraft:lectern":12,"minecraft:cobblestone":19,"minecraft:copper_ore":12,"minecraft:tall_grass":2,"minecraft:deepslate_gold_ore":3,"minecraft:lapis_ore":3,"minecraft:cyan_bed":5,"minecraft:oak_planks":16,"minecraft:wall_torch":8,"supplementaries:urn":2,"minecraft:spruce_stairs":4,"minecraft:seagrass":4,"minecraft:warped_planks":1,"minecraft:stripped_oak_wood":18,"minecraft:potted_poppy":1,"minecraft:grass":12,"minecraft:oak_log":2,"minecraft:coal_ore":70,"minecraft:gravel":20,"minecraft:dirt":118,"minecraft:cobweb":11,"minecraft:cracked_stone_bricks":1,"minecraft:stone_bricks":8,"minecraft:mossy_stone_bricks":1,"minecraft:gold_ore":6,"minecraft:deepslate":32,"minecraft:fern":1},"minecraft:picked_up":{"minecraft:crafting_table":1,"minecraft:azure_bluet":2,"minecraft:redstone_block":1,"minecraft:chicken":1,"autumnity:maple_log":11,"minecraft:wooden_pickaxe":2,"minecraft:oak_stairs":2,"minecraft:enchanted_book":2,"minecraft:brewing_stand":2,"minecraft:shield":1,"minecraft:cornflower":4,"minecraft:string":16,"minecraft:red_bed":3,"minecraft:raw_copper":44,"ecologics:walnut_sapling":1,"regions_unexplored:pine_log":24,"minecraft:cobbled_deepslate":32,"biomesoplenty:fir_planks":593,"minecraft:bucket":2,"minecraft:spruce_planks":23,"minecraft:beef":6,"minecraft:iron_nugget":10,"alexsmobs:raccoon_tail":1,"minecraft:lectern":13,"minecraft:sugar_cane":4,"minecraft:chest":2,"minecraft:egg":1,"autumnity:cooked_turkey":1,"minecraft:stick":38,"minecraft:raw_iron":55,"autumnity:maple_planks":18,"ecologics:walnut_log":4,"minecraft:torch":5,"minecraft:spruce_stairs":4,"minecraft:porkchop":4,"minecraft:carrot":16,"minecraft:cookie":4,"tombstone:grave_dust":5,"minecraft:warped_planks":1,"minecraft:redstone":18,"minecraft:tnt":1,"minecraft:stone_shovel":1,"minecraft:stone_sword":1,"minecraft:arrow":6,"minecraft:rotten_flesh":16,"farmersdelight:onion":5,"supplementaries:antique_ink":3,"autumnity:turkey_egg":1,"minecraft:saddle":1,"autumnity:turkey":1,"supplementaries:ash":8,"minecraft:mutton":18,"minecraft:cod":7,"minecraft:white_wool":12,"minecraft:rail":3,"minecraft:cobblestone":175,"minecraft:stripped_oak_log":4,"ecologics:walnut":3,"autumnity:red_maple_sapling":8,"minecraft:feather":12,"minecraft:water_bucket":2,"biomesoplenty:fir_button":1,"minecraft:andesite":5,"farmersdelight:bacon":4,"minecraft:leather":1,"biomesoplenty:fir_sapling":4,"minecraft:potato":13,"minecraft:filled_map":1,"biomesoplenty:fir_log":133,"minecraft:mushroom_stew":2,"minecraft:flint":2,"supplementaries:flax_seeds":4,"regions_unexplored:salmon_poppy_bush":1,"minecraft:lantern":1,"minecraft:lapis_lazuli":73,"autumnity:carved_large_pumpkin_slice":3,"minecraft:dirt":386,"minecraft:bone":21,"farmersdelight:iron_knife":1,"minecraft:stone_bricks":2,"minecraft:kelp":113,"minecraft:bow":1,"minecraft:wheat_seeds":4,"minecraft:raw_gold":9,"farmersdelight:pumpkin_slice":270,"minecraft:stone_pickaxe":3,"tombstone:tablet_of_guard":1,"aquaculture:minnow":1,"minecraft:stripped_oak_wood":17,"minecraft:fletching_table":2,"minecraft:oak_planks":14,"minecraft:iron_sword":1,"minecraft:book":163,"minecraft:oak_slab":2,"minecraft:pumpkin":1,"regions_unexplored:pine_sapling":2,"minecraft:dandelion":2,"minecraft:oak_pressure_plate":4,"minecraft:gravel":17,"minecraft:jungle_planks":3,"ecologics:coconut_husk":8,"minecraft:grass_block":1,"minecraft:cyan_bed":7,"alexsmobs:animal_dictionary":4,"quark:oak_chest":9,"minecraft:spider_eye":3,"minecraft:mossy_cobblestone":1,"aquaculture:boulti":2,"mowziesmobs:naga_fang":2,"minecraft:pumpkin_seeds":64,"minecraft:diamond":4,"minecraft:stone_axe":1,"autumnity:maple_sapling":5,"minecraft:granite":4,"minecraft:emerald":12,"minecraft:bread":2,"mca:book_infection":1,"minecraft:oak_sapling":5,"minecraft:coal":70,"iceandfire:raw_silver":5,"minecraft:ender_pearl":1},"minecraft:used":{"autumnity:turkey_egg":1,"minecraft:iron_shovel":166,"minecraft:stone_shovel":63,"minecraft:dried_kelp":51,"minecraft:chest":1,"minecraft:shield":17,"minecraft:iron_sword":117,"biomesoplenty:fir_button":1,"minecraft:iron_chestplate":1,"minecraft:torch":160,"minecraft:mutton":4,"minecraft:dirt":129,"minecraft:carrot":19,"farmersdelight:bacon":4,"iceandfire:dragonsteel_lightning_axe":3,"mowziesmobs:naga_fang_dagger":4,"minecraft:lantern":2,"minecraft:iron_axe":250,"aquaculture:boulti":2,"minecraft:stone_bricks":2,"minecraft:bow":3,"minecraft:beef":4,"minecraft:furnace":2,"tombstone:gift":2,"minecraft:potato":28,"minecraft:cobbled_deepslate":17,"farmersdelight:iron_knife":15,"more_bows_and_arrows:iron_bow":43,"minecraft:cooked_mutton":4,"minecraft:water_bucket":14,"minecraft:stone_pickaxe":94,"minecraft:oak_planks":9,"minecraft:wooden_pickaxe":4,"biomesoplenty:fir_planks":853,"farmersdelight:pumpkin_slice":131,"minecraft:fletching_table":3,"minecraft:cookie":4,"minecraft:salmon":5,"farmersdelight:onion":4,"minecraft:mushroom_stew":1,"minecraft:crafting_table":5,"minecraft:red_bed":2,"minecraft:cod":5,"minecraft:diamond_pickaxe":105,"minecraft:bread":1,"minecraft:cyan_bed":2,"minecraft:iron_pickaxe":223,"minecraft:lectern":12,"iceandfire:dragonsteel_ice_axe":7,"minecraft:stone_axe":203,"autumnity:carved_large_pumpkin_slice":2,"minecraft:cobblestone":70,"travelersbackpack:standard":4,"autumnity:cooked_turkey":2,"minecraft:porkchop":4,"minecraft:andesite":3,"minecraft:bucket":15,"quark:oak_chest":8},"minecraft:dropped":{"biomesoplenty:fir_log":9,"minecraft:water_bucket":1,"iceandfire:raw_silver":2,"minecraft:wheat_seeds":4,"minecraft:oak_pressure_plate":3,"farmersdelight:pumpkin_slice":35,"minecraft:mossy_cobblestone":1,"minecraft:feather":1,"minecraft:cobblestone":5,"minecraft:leather":1,"aquaculture:minnow":1,"minecraft:stick":16,"minecraft:dirt":164,"minecraft:cornflower":4,"autumnity:maple_log":11,"tombstone:grave_dust":2,"minecraft:iron_shovel":1,"ecologics:walnut_log":4,"minecraft:bone":2,"minecraft:white_wool":2,"quark:oak_chest":6,"minecraft:dandelion":2,"minecraft:gravel":17,"minecraft:iron_nugget":1,"alexsmobs:animal_dictionary":1,"minecraft:bowl":1,"minecraft:azure_bluet":2,"minecraft:warped_planks":1,"minecraft:pumpkin_seeds":24,"autumnity:red_maple_sapling":4,"minecraft:shield":2,"biomesoplenty:fir_planks":60,"minecraft:spruce_planks":1,"minecraft:oak_sapling":5,"mca:book_infection":1,"ecologics:coconut_husk":4,"minecraft:wooden_pickaxe":2,"minecraft:arrow":6,"biomesoplenty:fir_button":1,"minecraft:cyan_bed":1,"minecraft:egg":1},"minecraft:custom":{"minecraft:mob_kills":65,"minecraft:interact_with_crafting_table":46,"minecraft:open_barrel":16,"minecraft:leave_game":8,"minecraft:time_since_death":64946,"minecraft:climb_one_cm":4676,"minecraft:sprint_one_cm":1172395,"minecraft:walk_one_cm":795886,"minecraft:damage_blocked_by_shield":910,"minecraft:drop":67,"minecraft:talked_to_villager":1,"minecraft:play_time":373644,"minecraft:deaths":6,"minecraft:sneak_time":7952,"minecraft:walk_under_water_one_cm":21941,"minecraft:jump":3667,"minecraft:walk_on_water_one_cm":24391,"minecraft:total_world_time":373644,"minecraft:interact_with_furnace":43,"minecraft:traded_with_villager":5,"minecraft:interact_with_loom":1,"minecraft:sleep_in_bed":28,"minecraft:time_since_rest":24355,"minecraft:damage_taken":6691,"minecraft:trigger_trapped_chest":2,"minecraft:damage_dealt":10606,"minecraft:fly_one_cm":1291700,"minecraft:swim_one_cm":45061,"minecraft:open_chest":54,"minecraft:crouch_one_cm":23814,"tombstone:undead_killed":19,"minecraft:fall_one_cm":100762},"minecraft:killed":{"mca:male_zombie_villager":1,"alexsmobs:raccoon":2,"minecraft:spider":8,"kobolds:kobold_rascal":1,"minecraft:cod":6,"alexsmobs:seagull":1,"minecraft:skeleton":3,"alexsmobs:orca":1,"minecraft:chicken":2,"autumnity:turkey":1,"minecraft:pig":1,"minecraft:salmon":1,"minecraft:creeper":2,"minecraft:sheep":6,"minecraft:zombie":12,"iceandfire:ghost":2,"minecraft:stray":1,"alexsmobs:crow":1,"minecraft:enderman":2,"minecraft:cow":2,"mowziesmobs:naga":8},"minecraft:crafted":{"minecraft:wooden_sword":1,"minecraft:oak_planks":76,"mowziesmobs:naga_fang_dagger":1,"minecraft:iron_nugget":9,"minecraft:furnace":2,"minecraft:cooked_mutton":4,"minecraft:lantern":1,"minecraft:iron_axe":2,"autumnity:cooked_turkey":1,"minecraft:stone_pickaxe":3,"minecraft:emerald":1,"minecraft:arrow":80,"minecraft:crafting_table":4,"farmersdelight:iron_knife":1,"minecraft:dried_kelp":89,"minecraft:wooden_pickaxe":1,"minecraft:fletching_table":1,"minecraft:pumpkin_seeds":4,"minecraft:stone_axe":2,"more_bows_and_arrows:iron_bow":1,"minecraft:air":0,"biomesoplenty:fir_planks":489,"minecraft:iron_chestplate":1,"minecraft:diamond_pickaxe":1,"minecraft:shield":2,"minecraft:stick":172,"quark:oak_chest":6,"minecraft:iron_ingot":57,"minecraft:iron_pickaxe":1,"minecraft:stone_sword":2,"minecraft:iron_shovel":2,"minecraft:gold_ingot":16,"biomesoplenty:fir_button":1,"minecraft:torch":220}},"DataVersion":3465}