{"stats":{"minecraft:custom":{"minecraft:jump":31,"minecraft:time_since_rest":4957,"minecraft:damage_dealt":20,"minecraft:sprint_one_cm":12546,"minecraft:play_time":4957,"minecraft:damage_taken":90,"minecraft:time_since_death":4957,"minecraft:walk_one_cm":10347,"minecraft:total_world_time":4957,"minecraft:fall_one_cm":1999,"minecraft:fly_one_cm":7880},"minecraft:used":{"minecraft:dirt":1},"minecraft:picked_up":{"minecraft:dirt":1},"minecraft:mined":{"minecraft:grass":1,"minecraft:dirt":1}},"DataVersion":3465}