{"stats":{"minecraft:picked_up":{"minecraft:sand":1},"minecraft:custom":{"minecraft:jump":26,"minecraft:deaths":1,"minecraft:time_since_rest":413,"minecraft:damage_taken":340,"minecraft:damage_dealt":23,"minecraft:crouch_one_cm":66,"minecraft:leave_game":1,"minecraft:sprint_one_cm":7598,"minecraft:play_time":5331,"minecraft:time_since_death":2043,"minecraft:walk_on_water_one_cm":480,"minecraft:walk_one_cm":6935,"minecraft:sneak_time":7,"minecraft:total_world_time":5331,"minecraft:walk_under_water_one_cm":4731,"minecraft:swim_one_cm":4565,"minecraft:fly_one_cm":5327},"minecraft:mined":{"farmersdelight:sandy_shrub":1,"minecraft:sand":1}},"DataVersion":3465}