{"stats":{"minecraft:broken":{"minecraft:stone_axe":1,"minecraft:stone_shovel":1,"farmersdelight:iron_knife":1,"minecraft:iron_axe":1},"minecraft:mined":{"minecraft:spruce_planks":28,"minecraft:brewing_stand":1,"minecraft:granite":2,"minecraft:grass_block":129,"minecraft:tall_seagrass":7,"minecraft:iron_ore":26,"minecraft:pumpkin":1,"minecraft:fletching_table":2,"minecraft:deepslate_lapis_ore":9,"minecraft:oak_stairs":2,"minecraft:spruce_slab":1,"autumnity:cooked_turkey":1,"minecraft:red_bed":2,"minecraft:kelp_plant":23,"minecraft:torch":1,"minecraft:chest":2,"minecraft:cobblestone":24,"minecraft:cyan_bed":5,"minecraft:oak_planks":16,"minecraft:wall_torch":8,"minecraft:seagrass":4,"minecraft:warped_planks":1,"minecraft:stripped_oak_wood":18,"minecraft:potted_poppy":1,"minecraft:grass":12,"minecraft:oak_log":2,"minecraft:dirt":118,"minecraft:deepslate":45,"minecraft:diamond_ore":3,"minecraft:tuff":2,"iceandfire:silver_ore":5,"minecraft:mossy_cobblestone":1,"minecraft:jungle_planks":3,"minecraft:kelp":7,"minecraft:large_fern":1,"minecraft:redstone_ore":3,"minecraft:andesite":18,"treechop:chopped_log":6,"minecraft:bookshelf":25,"minecraft:vine":3,"minecraft:deepslate_iron_ore":36,"minecraft:stripped_oak_log":2,"minecraft:stone":164,"minecraft:oak_slab":3,"minecraft:redstone_block":1,"autumnity:carved_large_pumpkin_slice":3,"quark:oak_chest":2,"autumnity:maple_planks":18,"regions_unexplored:salmon_poppy_bush":2,"biomesoplenty:fir_planks":153,"minecraft:lectern":12,"minecraft:copper_ore":12,"minecraft:tall_grass":2,"minecraft:lapis_ore":3,"minecraft:deepslate_gold_ore":10,"supplementaries:urn":3,"minecraft:spruce_stairs":4,"minecraft:coal_ore":70,"minecraft:gravel":20,"minecraft:cobweb":11,"minecraft:cracked_stone_bricks":1,"minecraft:stone_bricks":8,"minecraft:mossy_stone_bricks":1,"minecraft:gold_ore":6,"minecraft:deepslate_emerald_ore":3,"minecraft:fern":1},"minecraft:picked_up":{"minecraft:redstone_block":1,"autumnity:maple_log":11,"tombstone:tablet_of_home":1,"minecraft:oak_stairs":2,"minecraft:enchanted_book":2,"minecraft:brewing_stand":2,"minecraft:string":16,"minecraft:raw_copper":44,"regions_unexplored:pine_log":24,"minecraft:gold_nugget":8,"minecraft:cobbled_deepslate":51,"minecraft:bucket":2,"biomesoplenty:fir_planks":593,"minecraft:spruce_planks":23,"alexsmobs:raccoon_tail":1,"autumnity:cooked_turkey":1,"minecraft:stick":38,"autumnity:maple_planks":18,"ecologics:walnut_log":4,"minecraft:torch":5,"minecraft:spruce_stairs":4,"minecraft:porkchop":4,"tombstone:grave_dust":7,"minecraft:warped_planks":1,"minecraft:stone_sword":1,"minecraft:rotten_flesh":23,"farmersdelight:onion":5,"supplementaries:antique_ink":3,"autumnity:turkey_egg":1,"supplementaries:ash":8,"autumnity:turkey":1,"minecraft:cod":7,"minecraft:cobblestone":180,"ecologics:walnut":3,"minecraft:feather":12,"minecraft:water_bucket":2,"minecraft:andesite":5,"biomesoplenty:fir_log":133,"minecraft:potato":13,"biomesoplenty:fir_sapling":4,"farmersdelight:bacon":4,"minecraft:flint":2,"minecraft:tuff":1,"supplementaries:flax_seeds":6,"minecraft:lapis_lazuli":73,"minecraft:dirt":386,"autumnity:carved_large_pumpkin_slice":3,"minecraft:lantern":1,"minecraft:bone":25,"farmersdelight:iron_knife":1,"minecraft:bow":1,"minecraft:wheat_seeds":4,"minecraft:raw_gold":22,"farmersdelight:pumpkin_slice":272,"minecraft:fletching_table":2,"minecraft:oak_planks":14,"regions_unexplored:pine_sapling":2,"minecraft:oak_pressure_plate":4,"minecraft:jungle_planks":3,"ecologics:coconut_husk":8,"minecraft:grass_block":1,"minecraft:cyan_bed":7,"alexsmobs:animal_dictionary":4,"minecraft:mossy_cobblestone":1,"minecraft:diamond":6,"autumnity:maple_sapling":5,"minecraft:granite":4,"minecraft:bread":6,"minecraft:emerald":15,"minecraft:oak_sapling":5,"iceandfire:raw_silver":5,"minecraft:crafting_table":1,"minecraft:azure_bluet":2,"minecraft:chicken":1,"minecraft:wooden_pickaxe":2,"minecraft:shield":1,"minecraft:cornflower":4,"minecraft:red_bed":3,"ecologics:walnut_sapling":1,"graveyard:corruption":1,"minecraft:beef":6,"minecraft:iron_nugget":10,"minecraft:lectern":13,"minecraft:sugar_cane":4,"minecraft:chest":2,"minecraft:egg":1,"minecraft:raw_iron":81,"minecraft:cookie":4,"minecraft:carrot":16,"minecraft:redstone":23,"minecraft:tnt":4,"minecraft:arrow":6,"minecraft:stone_shovel":1,"minecraft:saddle":1,"minecraft:mutton":18,"minecraft:rail":3,"minecraft:skeleton_skull":1,"minecraft:white_wool":12,"minecraft:stripped_oak_log":4,"autumnity:red_maple_sapling":8,"biomesoplenty:fir_button":1,"minecraft:leather":1,"minecraft:filled_map":1,"minecraft:mushroom_stew":2,"regions_unexplored:salmon_poppy_bush":1,"minecraft:stone_bricks":2,"minecraft:kelp":113,"tombstone:tablet_of_guard":1,"minecraft:stone_pickaxe":3,"minecraft:stripped_oak_wood":17,"aquaculture:minnow":1,"minecraft:glass_bottle":2,"minecraft:iron_sword":1,"minecraft:book":163,"minecraft:oak_slab":2,"minecraft:pumpkin":1,"minecraft:dandelion":2,"minecraft:gravel":17,"quark:oak_chest":9,"minecraft:spider_eye":5,"aquaculture:boulti":2,"mowziesmobs:naga_fang":2,"minecraft:pumpkin_seeds":64,"minecraft:stone_axe":1,"mca:book_infection":1,"minecraft:coal":70,"minecraft:ender_pearl":1},"minecraft:used":{"minecraft:iron_shovel":166,"minecraft:chest":1,"minecraft:shield":19,"minecraft:iron_sword":122,"biomesoplenty:fir_button":1,"minecraft:iron_chestplate":1,"minecraft:mutton":4,"minecraft:carrot":19,"mowziesmobs:naga_fang_dagger":4,"minecraft:lantern":2,"minecraft:stone_bricks":2,"minecraft:bow":3,"minecraft:furnace":2,"minecraft:potato":28,"more_bows_and_arrows:iron_bow":84,"minecraft:stone_pickaxe":94,"minecraft:oak_planks":9,"minecraft:wooden_pickaxe":4,"biomesoplenty:fir_planks":853,"farmersdelight:pumpkin_slice":162,"minecraft:cookie":4,"minecraft:mushroom_stew":1,"minecraft:cyan_bed":2,"minecraft:bread":1,"minecraft:lectern":12,"autumnity:cooked_turkey":2,"minecraft:andesite":4,"autumnity:turkey_egg":1,"minecraft:stone_shovel":63,"minecraft:dried_kelp":55,"minecraft:torch":194,"minecraft:dirt":129,"farmersdelight:bacon":4,"iceandfire:dragonsteel_lightning_axe":3,"minecraft:iron_axe":277,"aquaculture:boulti":2,"minecraft:beef":4,"tombstone:gift":2,"minecraft:cobbled_deepslate":21,"minecraft:cooked_mutton":4,"farmersdelight:iron_knife":15,"minecraft:water_bucket":20,"minecraft:fletching_table":3,"minecraft:salmon":5,"farmersdelight:onion":4,"minecraft:crafting_table":5,"minecraft:red_bed":2,"minecraft:cod":5,"minecraft:diamond_pickaxe":157,"minecraft:iron_pickaxe":223,"iceandfire:dragonsteel_ice_axe":7,"autumnity:carved_large_pumpkin_slice":2,"minecraft:stone_axe":203,"minecraft:cobblestone":75,"travelersbackpack:standard":4,"minecraft:porkchop":4,"minecraft:bucket":21,"quark:oak_chest":8},"minecraft:dropped":{"biomesoplenty:fir_log":9,"iceandfire:raw_silver":2,"minecraft:oak_pressure_plate":3,"farmersdelight:pumpkin_slice":64,"minecraft:diamond":2,"minecraft:leather":1,"aquaculture:minnow":1,"minecraft:dirt":164,"minecraft:cornflower":4,"minecraft:white_wool":2,"quark:oak_chest":6,"minecraft:bone":2,"minecraft:gravel":17,"minecraft:iron_nugget":1,"alexsmobs:animal_dictionary":1,"minecraft:cobbled_deepslate":7,"minecraft:azure_bluet":2,"minecraft:warped_planks":1,"ecologics:coconut_husk":4,"mca:book_infection":1,"minecraft:arrow":6,"biomesoplenty:fir_button":1,"minecraft:egg":1,"minecraft:water_bucket":1,"minecraft:wheat_seeds":4,"minecraft:mossy_cobblestone":1,"minecraft:feather":1,"minecraft:cobblestone":5,"minecraft:coal":1,"minecraft:stick":16,"autumnity:maple_log":11,"tombstone:grave_dust":2,"minecraft:iron_shovel":1,"ecologics:walnut_log":4,"minecraft:dandelion":2,"minecraft:bowl":1,"minecraft:tuff":1,"minecraft:pumpkin_seeds":24,"autumnity:red_maple_sapling":4,"minecraft:shield":2,"biomesoplenty:fir_planks":60,"minecraft:spruce_planks":1,"minecraft:oak_sapling":5,"minecraft:wooden_pickaxe":2,"minecraft:cyan_bed":1},"minecraft:custom":{"minecraft:interact_with_crafting_table":46,"minecraft:open_barrel":16,"minecraft:leave_game":9,"minecraft:time_since_death":86595,"minecraft:sprint_one_cm":1238756,"minecraft:damage_blocked_by_shield":1050,"minecraft:drop":100,"minecraft:talked_to_villager":1,"minecraft:play_time":395293,"minecraft:deaths":6,"minecraft:jump":3924,"minecraft:walk_on_water_one_cm":26505,"minecraft:interact_with_furnace":43,"minecraft:traded_with_villager":5,"minecraft:interact_with_loom":1,"minecraft:sleep_in_bed":28,"minecraft:damage_dealt":12530,"minecraft:crouch_one_cm":26920,"tombstone:undead_killed":29,"minecraft:mob_kills":78,"minecraft:climb_one_cm":4925,"minecraft:walk_one_cm":872066,"minecraft:sneak_time":8887,"minecraft:walk_under_water_one_cm":23879,"minecraft:total_world_time":395293,"tombstone:raider_killed":1,"minecraft:time_since_rest":46004,"minecraft:damage_taken":7440,"minecraft:trigger_trapped_chest":2,"minecraft:swim_one_cm":45548,"minecraft:fly_one_cm":1327823,"minecraft:open_chest":54,"minecraft:fall_one_cm":106426},"minecraft:killed":{"minecraft:witch":1,"minecraft:spider":9,"kobolds:kobold_rascal":1,"minecraft:cod":6,"minecraft:skeleton":6,"alexsmobs:orca":1,"minecraft:chicken":2,"minecraft:pig":1,"minecraft:salmon":1,"minecraft:creeper":2,"minecraft:sheep":6,"minecraft:zombie":19,"minecraft:stray":1,"minecraft:cow":2,"mowziesmobs:naga":8,"mca:male_zombie_villager":1,"graveyard:nightmare":1,"alexsmobs:raccoon":2,"alexsmobs:seagull":1,"autumnity:turkey":1,"iceandfire:ghost":2,"alexsmobs:crow":1,"minecraft:enderman":2},"minecraft:crafted":{"minecraft:oak_planks":76,"minecraft:cooked_mutton":4,"autumnity:cooked_turkey":1,"minecraft:arrow":80,"minecraft:emerald":1,"minecraft:crafting_table":4,"farmersdelight:iron_knife":1,"minecraft:wooden_pickaxe":1,"minecraft:fletching_table":1,"minecraft:pumpkin_seeds":4,"biomesoplenty:fir_planks":489,"minecraft:iron_chestplate":1,"minecraft:diamond_pickaxe":1,"minecraft:shield":2,"minecraft:stick":172,"quark:oak_chest":6,"minecraft:iron_ingot":57,"minecraft:iron_pickaxe":1,"minecraft:stone_sword":2,"minecraft:gold_ingot":16,"minecraft:wooden_sword":1,"mowziesmobs:naga_fang_dagger":1,"minecraft:iron_nugget":9,"minecraft:furnace":2,"minecraft:lantern":1,"minecraft:iron_axe":2,"minecraft:stone_pickaxe":3,"minecraft:dried_kelp":89,"minecraft:stone_axe":2,"more_bows_and_arrows:iron_bow":1,"minecraft:air":0,"minecraft:iron_shovel":2,"biomesoplenty:fir_button":1,"minecraft:torch":220}},"DataVersion":3465}