{"stats":{"minecraft:custom":{"minecraft:mob_kills":36,"minecraft:interact_with_crafting_table":36,"minecraft:open_barrel":8,"minecraft:leave_game":3,"minecraft:time_since_death":124596,"minecraft:climb_one_cm":158,"minecraft:sprint_one_cm":721192,"minecraft:walk_one_cm":423792,"minecraft:drop":42,"minecraft:talked_to_villager":1,"minecraft:play_time":200048,"minecraft:deaths":5,"minecraft:sneak_time":4574,"minecraft:walk_under_water_one_cm":19216,"minecraft:jump":2560,"minecraft:walk_on_water_one_cm":12863,"minecraft:total_world_time":200048,"minecraft:interact_with_furnace":21,"minecraft:interact_with_loom":1,"minecraft:sleep_in_bed":15,"minecraft:time_since_rest":2643,"minecraft:damage_taken":4246,"minecraft:trigger_trapped_chest":2,"minecraft:damage_dealt":5651,"minecraft:swim_one_cm":32683,"minecraft:fly_one_cm":1077176,"minecraft:open_chest":48,"minecraft:crouch_one_cm":13216,"tombstone:undead_killed":4,"minecraft:fall_one_cm":77376},"minecraft:used":{"autumnity:turkey_egg":1,"minecraft:iron_shovel":22,"minecraft:stone_shovel":63,"minecraft:dried_kelp":51,"minecraft:chest":1,"minecraft:iron_sword":72,"minecraft:iron_chestplate":1,"minecraft:torch":24,"minecraft:dirt":96,"minecraft:mutton":4,"minecraft:carrot":19,"farmersdelight:bacon":4,"iceandfire:dragonsteel_lightning_axe":3,"mowziesmobs:naga_fang_dagger":4,"minecraft:lantern":2,"minecraft:iron_axe":104,"aquaculture:boulti":2,"minecraft:bow":3,"minecraft:beef":4,"minecraft:furnace":2,"minecraft:potato":28,"minecraft:cooked_mutton":4,"farmersdelight:iron_knife":10,"minecraft:water_bucket":11,"minecraft:stone_pickaxe":94,"minecraft:oak_planks":8,"minecraft:wooden_pickaxe":4,"biomesoplenty:fir_planks":715,"farmersdelight:pumpkin_slice":43,"minecraft:salmon":5,"farmersdelight:onion":4,"minecraft:crafting_table":4,"minecraft:cod":5,"minecraft:cyan_bed":2,"minecraft:bread":1,"minecraft:iron_pickaxe":17,"minecraft:lectern":2,"iceandfire:dragonsteel_ice_axe":7,"autumnity:carved_large_pumpkin_slice":2,"minecraft:stone_axe":203,"minecraft:cobblestone":12,"autumnity:cooked_turkey":2,"minecraft:porkchop":4,"minecraft:bucket":10,"quark:oak_chest":3},"minecraft:broken":{"minecraft:stone_axe":1,"minecraft:stone_shovel":1},"minecraft:picked_up":{"minecraft:crafting_table":1,"minecraft:redstone_block":1,"minecraft:chicken":1,"autumnity:maple_log":11,"minecraft:wooden_pickaxe":2,"minecraft:oak_stairs":2,"minecraft:enchanted_book":2,"minecraft:brewing_stand":2,"minecraft:string":2,"minecraft:red_bed":1,"ecologics:walnut_sapling":1,"regions_unexplored:pine_log":24,"minecraft:bucket":2,"biomesoplenty:fir_planks":541,"minecraft:spruce_planks":23,"minecraft:beef":6,"alexsmobs:raccoon_tail":1,"minecraft:lectern":3,"minecraft:sugar_cane":4,"minecraft:chest":2,"minecraft:egg":1,"autumnity:cooked_turkey":1,"minecraft:stick":38,"minecraft:raw_iron":30,"ecologics:walnut_log":4,"minecraft:torch":2,"minecraft:spruce_stairs":4,"minecraft:porkchop":4,"tombstone:grave_dust":2,"minecraft:redstone":14,"minecraft:warped_planks":1,"minecraft:carrot":16,"minecraft:stone_sword":1,"minecraft:arrow":6,"minecraft:stone_shovel":1,"minecraft:rotten_flesh":3,"farmersdelight:onion":5,"autumnity:turkey_egg":1,"minecraft:saddle":1,"autumnity:turkey":1,"minecraft:mutton":18,"minecraft:cod":7,"minecraft:white_wool":12,"minecraft:cobblestone":56,"minecraft:stripped_oak_log":4,"autumnity:red_maple_sapling":8,"ecologics:walnut":3,"minecraft:feather":12,"minecraft:water_bucket":2,"minecraft:leather":1,"biomesoplenty:fir_log":133,"minecraft:filled_map":1,"minecraft:potato":13,"biomesoplenty:fir_sapling":4,"farmersdelight:bacon":4,"regions_unexplored:salmon_poppy_bush":1,"autumnity:carved_large_pumpkin_slice":2,"minecraft:dirt":235,"minecraft:lantern":1,"minecraft:bone":21,"farmersdelight:iron_knife":1,"minecraft:kelp":113,"minecraft:bow":1,"minecraft:wheat_seeds":3,"farmersdelight:pumpkin_slice":77,"minecraft:stone_pickaxe":3,"minecraft:stripped_oak_wood":17,"aquaculture:minnow":1,"minecraft:iron_sword":1,"minecraft:oak_planks":10,"minecraft:book":163,"minecraft:oak_slab":2,"minecraft:pumpkin":1,"regions_unexplored:pine_sapling":2,"minecraft:dandelion":1,"minecraft:oak_pressure_plate":4,"minecraft:jungle_planks":3,"ecologics:coconut_husk":8,"minecraft:cyan_bed":6,"quark:oak_chest":5,"alexsmobs:animal_dictionary":4,"minecraft:mossy_cobblestone":1,"aquaculture:boulti":2,"mowziesmobs:naga_fang":2,"minecraft:pumpkin_seeds":48,"minecraft:stone_axe":1,"autumnity:maple_sapling":5,"minecraft:emerald":9,"minecraft:bread":1,"minecraft:oak_sapling":5,"minecraft:coal":27},"minecraft:crafted":{"minecraft:wooden_sword":1,"minecraft:oak_planks":76,"mowziesmobs:naga_fang_dagger":1,"minecraft:iron_nugget":9,"minecraft:furnace":2,"minecraft:cooked_mutton":4,"minecraft:lantern":1,"minecraft:iron_axe":1,"autumnity:cooked_turkey":1,"minecraft:stone_pickaxe":3,"minecraft:crafting_table":3,"farmersdelight:iron_knife":1,"minecraft:dried_kelp":89,"minecraft:wooden_pickaxe":1,"minecraft:pumpkin_seeds":4,"more_bows_and_arrows:iron_bow":1,"minecraft:stone_axe":2,"biomesoplenty:fir_planks":429,"minecraft:iron_chestplate":1,"minecraft:iron_ingot":23,"minecraft:stick":52,"quark:oak_chest":6,"minecraft:iron_pickaxe":1,"minecraft:iron_shovel":2,"minecraft:stone_sword":1,"minecraft:torch":32},"minecraft:dropped":{"biomesoplenty:fir_log":9,"minecraft:water_bucket":1,"iceandfire:raw_silver":2,"minecraft:wheat_seeds":3,"minecraft:oak_pressure_plate":3,"minecraft:mossy_cobblestone":1,"minecraft:feather":1,"minecraft:cobblestone":5,"minecraft:leather":1,"aquaculture:minnow":1,"minecraft:stick":16,"minecraft:dirt":1,"autumnity:maple_log":11,"tombstone:grave_dust":2,"minecraft:iron_shovel":1,"minecraft:white_wool":2,"ecologics:walnut_log":4,"quark:oak_chest":3,"minecraft:bone":2,"minecraft:iron_nugget":1,"alexsmobs:animal_dictionary":1,"minecraft:warped_planks":1,"minecraft:pumpkin_seeds":24,"autumnity:red_maple_sapling":4,"biomesoplenty:fir_planks":60,"minecraft:spruce_planks":1,"ecologics:coconut_husk":4,"minecraft:oak_sapling":5,"minecraft:wooden_pickaxe":2,"minecraft:cyan_bed":1,"minecraft:egg":1},"minecraft:mined":{"minecraft:spruce_planks":28,"minecraft:mossy_cobblestone":1,"minecraft:brewing_stand":1,"minecraft:grass_block":64,"minecraft:jungle_planks":3,"minecraft:kelp":7,"minecraft:large_fern":1,"minecraft:tall_seagrass":7,"minecraft:redstone_ore":3,"minecraft:iron_ore":15,"minecraft:pumpkin":1,"treechop:chopped_log":6,"minecraft:bookshelf":25,"minecraft:vine":1,"minecraft:oak_stairs":2,"minecraft:stripped_oak_log":2,"minecraft:stone":40,"minecraft:spruce_slab":1,"autumnity:cooked_turkey":1,"minecraft:oak_slab":3,"minecraft:redstone_block":1,"autumnity:carved_large_pumpkin_slice":2,"minecraft:kelp_plant":23,"quark:oak_chest":1,"minecraft:torch":1,"regions_unexplored:salmon_poppy_bush":2,"biomesoplenty:fir_planks":101,"minecraft:chest":2,"minecraft:lectern":2,"minecraft:cobblestone":14,"minecraft:cyan_bed":4,"minecraft:oak_planks":11,"minecraft:wall_torch":2,"minecraft:seagrass":4,"minecraft:spruce_stairs":4,"minecraft:warped_planks":1,"minecraft:stripped_oak_wood":18,"minecraft:potted_poppy":1,"minecraft:grass":12,"minecraft:oak_log":2,"minecraft:coal_ore":27,"minecraft:dirt":37,"minecraft:stone_bricks":6,"minecraft:fern":1},"minecraft:killed":{"alexsmobs:raccoon":2,"minecraft:spider":1,"minecraft:cod":6,"alexsmobs:seagull":1,"minecraft:skeleton":1,"minecraft:chicken":2,"autumnity:turkey":1,"minecraft:pig":1,"minecraft:sheep":6,"iceandfire:ghost":2,"minecraft:stray":1,"alexsmobs:crow":1,"minecraft:cow":2,"mowziesmobs:naga":8}},"DataVersion":3465}