{"stats":{"minecraft:custom":{"minecraft:mob_kills":10,"minecraft:interact_with_crafting_table":5,"minecraft:open_barrel":2,"minecraft:interact_with_loom":1,"minecraft:time_since_death":1404,"minecraft:sleep_in_bed":4,"minecraft:time_since_rest":447,"minecraft:sprint_one_cm":156462,"minecraft:damage_taken":1750,"minecraft:walk_one_cm":85727,"minecraft:drop":4,"minecraft:damage_dealt":1007,"minecraft:swim_one_cm":2152,"minecraft:fly_one_cm":136200,"minecraft:open_chest":12,"minecraft:crouch_one_cm":1123,"minecraft:play_time":40957,"tombstone:undead_killed":1,"minecraft:deaths":3,"minecraft:sneak_time":281,"minecraft:walk_under_water_one_cm":666,"minecraft:jump":639,"minecraft:walk_on_water_one_cm":2695,"minecraft:total_world_time":40957,"minecraft:fall_one_cm":24755},"minecraft:used":{"minecraft:water_bucket":3,"minecraft:stone_pickaxe":38,"minecraft:wooden_pickaxe":4,"biomesoplenty:fir_planks":52,"minecraft:salmon":5,"minecraft:dirt":1,"minecraft:crafting_table":3,"minecraft:carrot":18,"minecraft:lantern":1,"minecraft:stone_axe":90,"minecraft:bucket":2,"quark:oak_chest":1,"minecraft:potato":28},"minecraft:picked_up":{"minecraft:stripped_oak_log":2,"minecraft:feather":2,"minecraft:chicken":1,"minecraft:oak_stairs":2,"minecraft:potato":13,"biomesoplenty:fir_sapling":4,"biomesoplenty:fir_log":24,"minecraft:brewing_stand":1,"regions_unexplored:salmon_poppy_bush":1,"minecraft:dirt":2,"minecraft:lantern":1,"minecraft:bone":2,"regions_unexplored:pine_log":24,"biomesoplenty:fir_planks":41,"minecraft:spruce_planks":1,"alexsmobs:raccoon_tail":1,"minecraft:lectern":1,"minecraft:oak_planks":10,"minecraft:book":75,"minecraft:raw_iron":15,"minecraft:stick":12,"minecraft:oak_slab":2,"regions_unexplored:pine_sapling":2,"minecraft:spruce_stairs":1,"tombstone:grave_dust":1,"minecraft:carrot":15,"minecraft:warped_planks":1,"minecraft:cyan_bed":1,"quark:oak_chest":1,"alexsmobs:animal_dictionary":2,"minecraft:arrow":3,"minecraft:mutton":8,"minecraft:coal":10,"minecraft:white_wool":5,"minecraft:cobblestone":15},"minecraft:crafted":{"minecraft:wooden_sword":1,"minecraft:crafting_table":3,"minecraft:wooden_pickaxe":1,"minecraft:stone_axe":1,"biomesoplenty:fir_planks":88,"quark:oak_chest":1,"minecraft:stick":16,"minecraft:stone_pickaxe":3,"minecraft:stone_sword":1},"minecraft:dropped":{"minecraft:cobblestone":1,"minecraft:warped_planks":1,"minecraft:spruce_planks":1,"tombstone:grave_dust":1},"minecraft:mined":{"minecraft:oak_slab":2,"minecraft:spruce_planks":3,"quark:oak_chest":1,"minecraft:brewing_stand":1,"minecraft:grass_block":1,"minecraft:lectern":1,"minecraft:cobblestone":2,"minecraft:cyan_bed":1,"minecraft:oak_planks":11,"minecraft:spruce_stairs":1,"minecraft:warped_planks":1,"minecraft:iron_ore":15,"treechop:chopped_log":2,"minecraft:potted_poppy":1,"minecraft:grass":3,"minecraft:bookshelf":25,"minecraft:oak_log":2,"minecraft:coal_ore":10,"minecraft:oak_stairs":2,"minecraft:dirt":1,"minecraft:stripped_oak_log":2,"minecraft:stone":13,"minecraft:fern":1},"minecraft:killed":{"alexsmobs:raccoon":2,"minecraft:sheep":5,"minecraft:skeleton":1,"minecraft:chicken":2}},"DataVersion":3465}