{"stats":{"minecraft:custom":{"minecraft:mob_kills":10,"minecraft:interact_with_crafting_table":5,"minecraft:open_barrel":2,"minecraft:interact_with_loom":1,"minecraft:leave_game":1,"minecraft:time_since_death":12399,"minecraft:sleep_in_bed":5,"minecraft:time_since_rest":6143,"minecraft:sprint_one_cm":203738,"minecraft:damage_taken":2320,"minecraft:walk_one_cm":104759,"minecraft:drop":14,"minecraft:damage_dealt":1077,"minecraft:swim_one_cm":6619,"minecraft:fly_one_cm":176898,"minecraft:open_chest":12,"minecraft:crouch_one_cm":1565,"minecraft:play_time":55170,"tombstone:undead_killed":1,"minecraft:deaths":4,"minecraft:sneak_time":488,"minecraft:walk_under_water_one_cm":10038,"minecraft:jump":895,"minecraft:walk_on_water_one_cm":5463,"minecraft:total_world_time":55170,"minecraft:fall_one_cm":33284},"minecraft:used":{"minecraft:water_bucket":5,"minecraft:stone_pickaxe":38,"minecraft:oak_planks":8,"minecraft:wooden_pickaxe":4,"minecraft:iron_sword":1,"biomesoplenty:fir_planks":118,"minecraft:salmon":5,"minecraft:dirt":1,"minecraft:crafting_table":3,"minecraft:carrot":18,"farmersdelight:bacon":2,"minecraft:lantern":1,"minecraft:cyan_bed":1,"minecraft:stone_axe":90,"minecraft:bucket":4,"quark:oak_chest":1,"minecraft:potato":28},"minecraft:picked_up":{"minecraft:stripped_oak_log":4,"minecraft:feather":2,"minecraft:chicken":1,"minecraft:water_bucket":1,"minecraft:filled_map":1,"minecraft:wooden_pickaxe":2,"farmersdelight:bacon":4,"minecraft:oak_stairs":2,"minecraft:potato":13,"biomesoplenty:fir_sapling":4,"biomesoplenty:fir_log":118,"minecraft:enchanted_book":1,"minecraft:brewing_stand":2,"regions_unexplored:salmon_poppy_bush":1,"minecraft:dirt":2,"minecraft:red_bed":1,"minecraft:lantern":1,"minecraft:bone":10,"farmersdelight:iron_knife":1,"regions_unexplored:pine_log":24,"minecraft:bucket":2,"biomesoplenty:fir_planks":61,"minecraft:spruce_planks":1,"minecraft:beef":2,"minecraft:stone_pickaxe":3,"aquaculture:minnow":1,"alexsmobs:raccoon_tail":1,"minecraft:lectern":2,"minecraft:iron_sword":1,"minecraft:oak_planks":10,"minecraft:egg":1,"minecraft:book":151,"minecraft:raw_iron":30,"minecraft:stick":28,"minecraft:oak_slab":2,"regions_unexplored:pine_sapling":2,"minecraft:oak_pressure_plate":2,"minecraft:spruce_stairs":1,"minecraft:porkchop":4,"tombstone:grave_dust":1,"minecraft:carrot":16,"minecraft:warped_planks":1,"minecraft:cyan_bed":3,"quark:oak_chest":4,"alexsmobs:animal_dictionary":2,"aquaculture:boulti":2,"minecraft:stone_sword":1,"minecraft:arrow":6,"minecraft:stone_axe":1,"farmersdelight:onion":5,"minecraft:bread":1,"minecraft:saddle":1,"minecraft:emerald":9,"minecraft:oak_sapling":5,"minecraft:mutton":16,"minecraft:coal":10,"minecraft:white_wool":10,"minecraft:cobblestone":15},"minecraft:crafted":{"minecraft:wooden_sword":1,"minecraft:oak_planks":8,"minecraft:crafting_table":3,"minecraft:wooden_pickaxe":1,"minecraft:stone_axe":1,"biomesoplenty:fir_planks":136,"quark:oak_chest":1,"minecraft:stick":16,"minecraft:stone_pickaxe":3,"minecraft:stone_sword":1},"minecraft:dropped":{"minecraft:oak_pressure_plate":1,"minecraft:cobblestone":1,"aquaculture:minnow":1,"minecraft:warped_planks":1,"minecraft:stick":16,"minecraft:dirt":1,"minecraft:spruce_planks":1,"minecraft:oak_sapling":5,"tombstone:grave_dust":1,"minecraft:wooden_pickaxe":2,"quark:oak_chest":2,"minecraft:egg":1},"minecraft:mined":{"minecraft:oak_slab":2,"minecraft:spruce_planks":3,"quark:oak_chest":1,"minecraft:brewing_stand":1,"minecraft:grass_block":1,"minecraft:lectern":1,"minecraft:cobblestone":2,"minecraft:cyan_bed":2,"minecraft:oak_planks":11,"minecraft:spruce_stairs":1,"minecraft:warped_planks":1,"minecraft:iron_ore":15,"treechop:chopped_log":2,"minecraft:potted_poppy":1,"minecraft:grass":3,"minecraft:bookshelf":25,"minecraft:oak_log":2,"minecraft:coal_ore":10,"minecraft:oak_stairs":2,"minecraft:dirt":1,"minecraft:stripped_oak_log":2,"minecraft:stone":13,"minecraft:fern":1},"minecraft:killed":{"alexsmobs:raccoon":2,"minecraft:sheep":5,"minecraft:skeleton":1,"minecraft:chicken":2}},"DataVersion":3465}