{"stats":{"minecraft:custom":{"minecraft:interact_with_furnace":5,"minecraft:mob_kills":15,"minecraft:interact_with_crafting_table":18,"minecraft:open_barrel":2,"minecraft:interact_with_loom":1,"minecraft:leave_game":3,"minecraft:time_since_death":28596,"minecraft:sleep_in_bed":7,"minecraft:time_since_rest":13324,"minecraft:sprint_one_cm":384815,"minecraft:damage_taken":2760,"minecraft:walk_one_cm":238460,"minecraft:drop":22,"minecraft:damage_dealt":1592,"minecraft:swim_one_cm":6619,"minecraft:fly_one_cm":319925,"minecraft:open_chest":30,"tombstone:undead_killed":1,"minecraft:crouch_one_cm":9582,"minecraft:play_time":104048,"minecraft:deaths":5,"minecraft:sneak_time":2773,"minecraft:walk_under_water_one_cm":10038,"minecraft:jump":1580,"minecraft:walk_on_water_one_cm":5463,"minecraft:total_world_time":104048,"minecraft:fall_one_cm":56905},"minecraft:used":{"minecraft:cooked_mutton":2,"minecraft:water_bucket":5,"minecraft:stone_pickaxe":81,"minecraft:oak_planks":8,"minecraft:wooden_pickaxe":4,"minecraft:iron_sword":12,"biomesoplenty:fir_planks":695,"minecraft:torch":17,"minecraft:iron_chestplate":1,"minecraft:salmon":5,"farmersdelight:onion":4,"minecraft:dirt":1,"minecraft:mutton":4,"minecraft:crafting_table":3,"minecraft:carrot":19,"farmersdelight:bacon":4,"minecraft:iron_axe":6,"minecraft:lantern":1,"minecraft:bread":1,"minecraft:cyan_bed":2,"minecraft:lectern":1,"aquaculture:boulti":2,"minecraft:stone_axe":143,"minecraft:cobblestone":12,"minecraft:bow":3,"minecraft:beef":1,"minecraft:porkchop":4,"minecraft:bucket":4,"quark:oak_chest":2,"minecraft:potato":28},"minecraft:broken":{"minecraft:stone_axe":1},"minecraft:picked_up":{"minecraft:stripped_oak_log":4,"minecraft:feather":6,"minecraft:chicken":1,"minecraft:water_bucket":1,"farmersdelight:bacon":4,"minecraft:wooden_pickaxe":2,"biomesoplenty:fir_sapling":4,"minecraft:oak_stairs":2,"minecraft:potato":13,"minecraft:filled_map":1,"biomesoplenty:fir_log":118,"minecraft:enchanted_book":1,"minecraft:brewing_stand":2,"regions_unexplored:salmon_poppy_bush":1,"minecraft:string":2,"minecraft:dirt":37,"minecraft:red_bed":1,"minecraft:lantern":1,"minecraft:bone":10,"farmersdelight:iron_knife":1,"minecraft:bow":1,"regions_unexplored:pine_log":24,"biomesoplenty:fir_planks":434,"minecraft:bucket":2,"minecraft:spruce_planks":1,"minecraft:beef":3,"minecraft:stone_pickaxe":3,"aquaculture:minnow":1,"alexsmobs:raccoon_tail":1,"minecraft:lectern":2,"minecraft:sugar_cane":2,"minecraft:oak_planks":10,"minecraft:iron_sword":1,"minecraft:oak_slab":2,"minecraft:egg":1,"minecraft:book":151,"minecraft:raw_iron":30,"minecraft:stick":28,"minecraft:pumpkin":1,"regions_unexplored:pine_sapling":2,"minecraft:oak_pressure_plate":4,"minecraft:spruce_stairs":1,"minecraft:porkchop":4,"ecologics:coconut_husk":8,"minecraft:carrot":16,"tombstone:grave_dust":1,"minecraft:warped_planks":1,"minecraft:cyan_bed":3,"quark:oak_chest":5,"alexsmobs:animal_dictionary":2,"aquaculture:boulti":2,"minecraft:stone_sword":1,"minecraft:arrow":6,"minecraft:rotten_flesh":1,"minecraft:stone_axe":1,"farmersdelight:onion":5,"autumnity:turkey_egg":1,"minecraft:bread":1,"minecraft:saddle":1,"minecraft:emerald":9,"autumnity:turkey":1,"minecraft:oak_sapling":5,"minecraft:mutton":18,"minecraft:coal":27,"minecraft:white_wool":11,"minecraft:cobblestone":42},"minecraft:crafted":{"minecraft:wooden_sword":1,"minecraft:oak_planks":8,"minecraft:crafting_table":3,"minecraft:wooden_pickaxe":1,"minecraft:pumpkin_seeds":4,"minecraft:stone_axe":2,"minecraft:cooked_mutton":2,"biomesoplenty:fir_planks":429,"minecraft:iron_chestplate":1,"minecraft:iron_axe":1,"minecraft:stick":48,"quark:oak_chest":1,"minecraft:iron_ingot":15,"minecraft:iron_pickaxe":1,"minecraft:stone_pickaxe":3,"minecraft:stone_sword":1,"minecraft:torch":32},"minecraft:dropped":{"biomesoplenty:fir_log":9,"minecraft:oak_pressure_plate":3,"minecraft:cobblestone":1,"aquaculture:minnow":1,"minecraft:warped_planks":1,"minecraft:stick":16,"minecraft:dirt":1,"biomesoplenty:fir_planks":60,"minecraft:spruce_planks":1,"minecraft:oak_sapling":5,"ecologics:coconut_husk":4,"tombstone:grave_dust":1,"minecraft:wooden_pickaxe":2,"quark:oak_chest":3,"minecraft:egg":1},"minecraft:mined":{"minecraft:oak_slab":2,"minecraft:spruce_planks":3,"quark:oak_chest":1,"minecraft:brewing_stand":1,"minecraft:grass_block":3,"biomesoplenty:fir_planks":55,"minecraft:lectern":1,"minecraft:cobblestone":2,"minecraft:cyan_bed":2,"minecraft:oak_planks":11,"minecraft:spruce_stairs":1,"minecraft:warped_planks":1,"minecraft:iron_ore":15,"minecraft:pumpkin":1,"treechop:chopped_log":2,"minecraft:potted_poppy":1,"minecraft:grass":7,"minecraft:bookshelf":25,"minecraft:coal_ore":27,"minecraft:oak_log":2,"minecraft:oak_stairs":2,"minecraft:dirt":1,"minecraft:stripped_oak_log":2,"minecraft:stone":38,"minecraft:fern":1},"minecraft:killed":{"alexsmobs:raccoon":2,"minecraft:spider":1,"alexsmobs:seagull":1,"minecraft:sheep":6,"minecraft:skeleton":1,"minecraft:chicken":2,"minecraft:cow":1,"autumnity:turkey":1}},"DataVersion":3465}