{"stats":{"minecraft:custom":{"minecraft:mob_kills":43,"minecraft:interact_with_crafting_table":41,"minecraft:open_barrel":9,"minecraft:leave_game":4,"minecraft:time_since_death":208481,"minecraft:climb_one_cm":1337,"minecraft:sprint_one_cm":916146,"minecraft:damage_blocked_by_shield":70,"minecraft:walk_one_cm":591140,"minecraft:drop":62,"minecraft:talked_to_villager":1,"minecraft:play_time":283933,"minecraft:deaths":5,"minecraft:sneak_time":6288,"minecraft:walk_under_water_one_cm":21617,"minecraft:jump":2984,"minecraft:walk_on_water_one_cm":13939,"minecraft:total_world_time":283933,"minecraft:interact_with_furnace":22,"minecraft:traded_with_villager":2,"minecraft:interact_with_loom":1,"minecraft:sleep_in_bed":20,"minecraft:time_since_rest":15029,"minecraft:damage_taken":4917,"minecraft:trigger_trapped_chest":2,"minecraft:damage_dealt":6223,"minecraft:fly_one_cm":1160152,"minecraft:swim_one_cm":43811,"minecraft:open_chest":48,"minecraft:crouch_one_cm":18275,"tombstone:undead_killed":7,"minecraft:fall_one_cm":86485},"minecraft:used":{"autumnity:turkey_egg":1,"minecraft:iron_shovel":166,"minecraft:dried_kelp":51,"minecraft:stone_shovel":63,"minecraft:chest":1,"minecraft:shield":2,"minecraft:iron_sword":86,"biomesoplenty:fir_button":1,"minecraft:iron_chestplate":1,"minecraft:torch":76,"minecraft:dirt":119,"minecraft:mutton":4,"minecraft:carrot":19,"farmersdelight:bacon":4,"iceandfire:dragonsteel_lightning_axe":3,"mowziesmobs:naga_fang_dagger":4,"minecraft:lantern":2,"minecraft:iron_axe":184,"aquaculture:boulti":2,"minecraft:bow":3,"minecraft:beef":4,"minecraft:furnace":2,"minecraft:potato":28,"more_bows_and_arrows:iron_bow":32,"farmersdelight:iron_knife":12,"minecraft:cooked_mutton":4,"minecraft:water_bucket":11,"minecraft:stone_pickaxe":94,"minecraft:oak_planks":8,"minecraft:wooden_pickaxe":4,"biomesoplenty:fir_planks":853,"minecraft:fletching_table":3,"farmersdelight:pumpkin_slice":80,"minecraft:salmon":5,"farmersdelight:onion":4,"minecraft:crafting_table":5,"minecraft:red_bed":2,"minecraft:cod":5,"minecraft:bread":1,"minecraft:cyan_bed":2,"minecraft:iron_pickaxe":145,"minecraft:lectern":2,"iceandfire:dragonsteel_ice_axe":7,"minecraft:stone_axe":203,"autumnity:carved_large_pumpkin_slice":2,"minecraft:cobblestone":12,"autumnity:cooked_turkey":2,"minecraft:porkchop":4,"minecraft:bucket":10,"quark:oak_chest":3},"minecraft:broken":{"minecraft:stone_axe":1,"minecraft:stone_shovel":1},"minecraft:picked_up":{"minecraft:crafting_table":1,"minecraft:azure_bluet":2,"minecraft:redstone_block":1,"minecraft:chicken":1,"autumnity:maple_log":11,"minecraft:wooden_pickaxe":2,"minecraft:oak_stairs":2,"minecraft:enchanted_book":2,"minecraft:brewing_stand":2,"minecraft:shield":1,"minecraft:cornflower":4,"minecraft:string":7,"minecraft:red_bed":3,"minecraft:raw_copper":39,"ecologics:walnut_sapling":1,"regions_unexplored:pine_log":24,"minecraft:cobbled_deepslate":3,"minecraft:bucket":2,"biomesoplenty:fir_planks":593,"minecraft:spruce_planks":23,"minecraft:beef":6,"alexsmobs:raccoon_tail":1,"minecraft:lectern":4,"minecraft:sugar_cane":4,"minecraft:chest":2,"minecraft:egg":1,"autumnity:cooked_turkey":1,"minecraft:stick":38,"minecraft:raw_iron":38,"autumnity:maple_planks":18,"ecologics:walnut_log":4,"minecraft:torch":4,"minecraft:spruce_stairs":4,"minecraft:porkchop":4,"tombstone:grave_dust":2,"minecraft:carrot":16,"minecraft:warped_planks":1,"minecraft:redstone":14,"minecraft:stone_shovel":1,"minecraft:stone_sword":1,"minecraft:arrow":6,"minecraft:rotten_flesh":3,"farmersdelight:onion":5,"autumnity:turkey_egg":1,"minecraft:saddle":1,"autumnity:turkey":1,"minecraft:mutton":18,"minecraft:cod":7,"minecraft:white_wool":12,"minecraft:cobblestone":111,"minecraft:stripped_oak_log":4,"ecologics:walnut":3,"autumnity:red_maple_sapling":8,"minecraft:feather":12,"biomesoplenty:fir_button":1,"minecraft:water_bucket":2,"minecraft:leather":1,"farmersdelight:bacon":4,"biomesoplenty:fir_sapling":4,"minecraft:potato":13,"minecraft:filled_map":1,"biomesoplenty:fir_log":133,"minecraft:flint":2,"regions_unexplored:salmon_poppy_bush":1,"autumnity:carved_large_pumpkin_slice":2,"minecraft:dirt":376,"minecraft:lantern":1,"minecraft:bone":21,"farmersdelight:iron_knife":1,"minecraft:kelp":113,"minecraft:bow":1,"minecraft:raw_gold":6,"minecraft:wheat_seeds":4,"farmersdelight:pumpkin_slice":152,"minecraft:stone_pickaxe":3,"minecraft:fletching_table":2,"minecraft:stripped_oak_wood":17,"aquaculture:minnow":1,"minecraft:iron_sword":1,"minecraft:oak_planks":10,"minecraft:book":163,"minecraft:oak_slab":2,"minecraft:pumpkin":1,"regions_unexplored:pine_sapling":2,"minecraft:dandelion":2,"minecraft:oak_pressure_plate":4,"minecraft:gravel":17,"minecraft:jungle_planks":3,"ecologics:coconut_husk":8,"minecraft:cyan_bed":7,"quark:oak_chest":5,"minecraft:spider_eye":1,"alexsmobs:animal_dictionary":4,"minecraft:mossy_cobblestone":1,"aquaculture:boulti":2,"mowziesmobs:naga_fang":2,"minecraft:pumpkin_seeds":48,"minecraft:diamond":1,"minecraft:stone_axe":1,"autumnity:maple_sapling":5,"minecraft:emerald":9,"minecraft:bread":1,"mca:book_infection":1,"minecraft:oak_sapling":5,"minecraft:coal":37,"iceandfire:raw_silver":5},"minecraft:crafted":{"minecraft:wooden_sword":1,"minecraft:oak_planks":76,"mowziesmobs:naga_fang_dagger":1,"minecraft:iron_nugget":9,"minecraft:furnace":2,"minecraft:cooked_mutton":4,"minecraft:lantern":1,"minecraft:iron_axe":1,"autumnity:cooked_turkey":1,"minecraft:stone_pickaxe":3,"minecraft:arrow":32,"minecraft:emerald":1,"minecraft:crafting_table":4,"farmersdelight:iron_knife":1,"minecraft:dried_kelp":89,"minecraft:wooden_pickaxe":1,"minecraft:fletching_table":1,"minecraft:pumpkin_seeds":4,"minecraft:stone_axe":2,"more_bows_and_arrows:iron_bow":1,"minecraft:air":0,"biomesoplenty:fir_planks":489,"minecraft:iron_chestplate":1,"minecraft:shield":2,"minecraft:stick":140,"minecraft:iron_pickaxe":1,"quark:oak_chest":6,"minecraft:iron_ingot":23,"minecraft:stone_sword":2,"minecraft:iron_shovel":2,"biomesoplenty:fir_button":1,"minecraft:torch":112},"minecraft:dropped":{"biomesoplenty:fir_log":9,"minecraft:water_bucket":1,"iceandfire:raw_silver":2,"minecraft:wheat_seeds":4,"minecraft:oak_pressure_plate":3,"farmersdelight:pumpkin_slice":35,"minecraft:mossy_cobblestone":1,"minecraft:feather":1,"minecraft:cobblestone":5,"minecraft:leather":1,"aquaculture:minnow":1,"minecraft:stick":16,"minecraft:dirt":164,"minecraft:cornflower":4,"autumnity:maple_log":11,"tombstone:grave_dust":2,"minecraft:iron_shovel":1,"minecraft:white_wool":2,"ecologics:walnut_log":4,"quark:oak_chest":3,"minecraft:dandelion":2,"minecraft:bone":2,"minecraft:gravel":17,"minecraft:iron_nugget":1,"alexsmobs:animal_dictionary":1,"minecraft:azure_bluet":2,"minecraft:warped_planks":1,"minecraft:pumpkin_seeds":24,"autumnity:red_maple_sapling":4,"minecraft:shield":2,"biomesoplenty:fir_planks":60,"minecraft:spruce_planks":1,"mca:book_infection":1,"minecraft:oak_sapling":5,"ecologics:coconut_husk":4,"minecraft:wooden_pickaxe":2,"biomesoplenty:fir_button":1,"minecraft:cyan_bed":1,"minecraft:egg":1},"minecraft:mined":{"minecraft:diamond_ore":1,"minecraft:spruce_planks":28,"iceandfire:silver_ore":5,"minecraft:mossy_cobblestone":1,"minecraft:brewing_stand":1,"minecraft:grass_block":123,"minecraft:jungle_planks":3,"minecraft:kelp":7,"minecraft:large_fern":1,"minecraft:tall_seagrass":7,"minecraft:redstone_ore":3,"minecraft:iron_ore":20,"minecraft:andesite":12,"minecraft:pumpkin":1,"treechop:chopped_log":6,"minecraft:fletching_table":2,"minecraft:bookshelf":25,"minecraft:deepslate_iron_ore":3,"minecraft:vine":2,"minecraft:oak_stairs":2,"minecraft:stripped_oak_log":2,"minecraft:stone":95,"minecraft:spruce_slab":1,"autumnity:cooked_turkey":1,"minecraft:oak_slab":3,"minecraft:redstone_block":1,"autumnity:carved_large_pumpkin_slice":2,"minecraft:red_bed":2,"quark:oak_chest":1,"minecraft:kelp_plant":23,"autumnity:maple_planks":18,"minecraft:torch":1,"regions_unexplored:salmon_poppy_bush":2,"biomesoplenty:fir_planks":153,"minecraft:chest":2,"minecraft:lectern":3,"minecraft:copper_ore":11,"minecraft:cobblestone":14,"minecraft:cyan_bed":5,"minecraft:oak_planks":11,"minecraft:wall_torch":7,"minecraft:seagrass":4,"minecraft:spruce_stairs":4,"minecraft:warped_planks":1,"minecraft:stripped_oak_wood":18,"minecraft:potted_poppy":1,"minecraft:grass":12,"minecraft:oak_log":2,"minecraft:coal_ore":37,"minecraft:gravel":19,"minecraft:dirt":118,"minecraft:cobweb":8,"minecraft:stone_bricks":6,"minecraft:gold_ore":6,"minecraft:deepslate":7,"minecraft:fern":1},"minecraft:killed":{"alexsmobs:raccoon":2,"minecraft:spider":2,"kobolds:kobold_rascal":1,"minecraft:cod":6,"alexsmobs:seagull":1,"minecraft:skeleton":3,"alexsmobs:orca":1,"minecraft:chicken":2,"autumnity:turkey":1,"minecraft:pig":1,"minecraft:salmon":1,"minecraft:sheep":6,"minecraft:zombie":1,"iceandfire:ghost":2,"minecraft:stray":1,"alexsmobs:crow":1,"minecraft:cow":2,"mowziesmobs:naga":8}},"DataVersion":3465}