{"stats":{"minecraft:crafted":{"minecraft:oak_planks":200,"securitycraft:keypad_item":1,"minecraft:heavy_weighted_pressure_plate":1,"minecraft:cooked_mutton":4,"minecraft:iron_boots":1,"autumnity:cooked_turkey":1,"minecraft:emerald":1,"minecraft:arrow":160,"minecraft:crafting_table":7,"farmersdelight:iron_knife":1,"minecraft:iron_helmet":1,"minecraft:wooden_pickaxe":1,"minecraft:gold_block":1,"minecraft:fletching_table":1,"minecraft:pumpkin_seeds":4,"biomesoplenty:fir_planks":681,"minecraft:iron_chestplate":1,"minecraft:diamond_pickaxe":1,"minecraft:shield":2,"minecraft:stick":180,"quark:oak_chest":6,"minecraft:iron_pickaxe":1,"minecraft:iron_ingot":163,"minecraft:iron_block":3,"minecraft:stone_sword":2,"minecraft:gold_ingot":20,"minecraft:wooden_sword":1,"mowziesmobs:naga_fang_dagger":1,"minecraft:iron_nugget":9,"minecraft:furnace":2,"minecraft:lantern":1,"minecraft:iron_axe":3,"minecraft:iron_hoe":2,"minecraft:stone_pickaxe":3,"mca:whistle":1,"minecraft:wheat":180,"minecraft:enchanting_table":1,"minecraft:dried_kelp":89,"iceandfire:tide_trident":1,"minecraft:stone_axe":2,"more_bows_and_arrows:iron_bow":1,"minecraft:bread":65,"minecraft:air":0,"minecraft:oak_boat":3,"minecraft:iron_shovel":2,"minecraft:iron_leggings":1,"minecraft:anvil":1,"biomesoplenty:fir_button":1,"minecraft:torch":264,"mca:wedding_ring":1},"minecraft:broken":{"minecraft:stone_axe":1,"minecraft:stone_shovel":1,"farmersdelight:iron_knife":1,"minecraft:iron_axe":2,"minecraft:iron_pickaxe":1},"minecraft:dropped":{"biomesoplenty:fir_log":9,"sophisticatedbackpacks:iron_backpack":2,"farmersdelight:iron_knife":1,"iceandfire:raw_silver":2,"minecraft:oak_pressure_plate":3,"minecraft:cooked_beef":2,"farmersdelight:pumpkin_slice":73,"minecraft:diamond":2,"minecraft:crafting_table":1,"ecologics:coconut_slice":2,"minecraft:decorated_pot":1,"minecraft:leather":1,"aquaculture:minnow":1,"minecraft:iron_horse_armor":1,"minecraft:jungle_planks":2,"minecraft:cracked_stone_bricks":8,"minecraft:emerald":2,"minecraft:flint":4,"minecraft:dirt":180,"minecraft:cornflower":4,"minecraft:mangrove_stairs":6,"minecraft:glistering_melon_slice":21,"minecraft:fishing_rod":1,"minecraft:mangrove_slab":3,"minecraft:white_wool":2,"quark:oak_chest":6,"minecraft:bone":3,"minecraft:armor_stand":1,"minecraft:gravel":19,"alexsmobs:animal_dictionary":1,"minecraft:iron_nugget":5,"minecraft:cobbled_deepslate":7,"minecraft:wheat":1,"minecraft:birch_sapling":1,"minecraft:rotten_flesh":15,"minecraft:oak_planks":1,"minecraft:white_candle":4,"minecraft:mossy_stone_brick_slab":1,"minecraft:azure_bluet":2,"minecraft:white_bed":1,"minecraft:warped_planks":1,"supplementaries:flax_seeds":3,"supplementaries:ash":10,"minecraft:gunpowder":4,"minecraft:skeleton_skull":1,"minecraft:ladder":1,"ecologics:coconut_husk":4,"mca:book_infection":1,"minecraft:spruce_slab":8,"securitycraft:camera_monitor":1,"minecraft:arrow":6,"minecraft:stone_brick_stairs":11,"biomesoplenty:fir_button":1,"securitycraft:reinforced_glass":17,"minecraft:egg":1,"farmersdelight:tomato_seeds":1,"minecraft:water_bucket":1,"minecraft:iron_ingot":11,"minecraft:stripped_spruce_log":3,"minecraft:wheat_seeds":204,"minecraft:mossy_cobblestone":4,"minecraft:feather":1,"minecraft:cobblestone":12,"minecraft:granite":8,"minecraft:spruce_stairs":2,"minecraft:coal":1,"minecraft:stick":20,"minecraft:ink_sac":1,"minecraft:melon_slice":7,"autumnity:maple_log":11,"tombstone:grave_dust":4,"minecraft:iron_axe":1,"regions_unexplored:poppy_bush":48,"minecraft:iron_shovel":1,"minecraft:string":5,"minecraft:acacia_planks":14,"ecologics:walnut_log":4,"minecraft:stone_brick_slab":3,"minecraft:dandelion":2,"minecraft:redstone":5,"securitycraft:reinforced_stone":22,"minecraft:bowl":1,"minecraft:tuff":1,"minecraft:stripped_oak_log":3,"minecraft:name_tag":1,"minecraft:pumpkin_seeds":56,"autumnity:red_maple_sapling":4,"minecraft:shield":2,"biomesoplenty:fir_planks":60,"minecraft:spruce_planks":2,"minecraft:andesite":2,"minecraft:oak_sapling":6,"more_bows_and_arrows:iron_bow":1,"minecraft:stone_bricks":46,"minecraft:barrel":4,"minecraft:spider_eye":3,"minecraft:stone_pickaxe":2,"minecraft:wooden_pickaxe":2,"securitycraft:universal_block_reinforcer_lvl1":3,"minecraft:cyan_bed":1},"minecraft:custom":{"minecraft:interact_with_crafting_table":84,"minecraft:open_barrel":56,"minecraft:leave_game":13,"minecraft:time_since_death":173869,"minecraft:sprint_one_cm":2074553,"minecraft:damage_blocked_by_shield":1750,"minecraft:drop":217,"minecraft:talked_to_villager":1,"minecraft:play_time":685765,"minecraft:deaths":10,"tombstone:tomb_raiding":1,"minecraft:jump":6767,"minecraft:walk_on_water_one_cm":34005,"minecraft:interact_with_furnace":88,"minecraft:traded_with_villager":10,"minecraft:interact_with_loom":2,"minecraft:sleep_in_bed":49,"minecraft:damage_dealt":23967,"minecraft:player_kills":1,"minecraft:crouch_one_cm":49685,"tombstone:undead_killed":46,"minecraft:interact_with_anvil":1,"minecraft:mob_kills":125,"minecraft:climb_one_cm":11233,"minecraft:walk_one_cm":1545061,"minecraft:sneak_time":15866,"minecraft:walk_under_water_one_cm":32717,"minecraft:total_world_time":685765,"tombstone:raider_killed":2,"minecraft:time_since_rest":4233,"minecraft:damage_taken":13035,"minecraft:trigger_trapped_chest":3,"minecraft:swim_one_cm":47810,"minecraft:fly_one_cm":1839993,"minecraft:open_chest":154,"minecraft:fall_one_cm":172315},"minecraft:killed":{"minecraft:witch":1,"minecraft:spider":17,"kobolds:kobold_rascal":1,"minecraft:cod":6,"minecraft:skeleton":12,"alexsmobs:orca":1,"minecraft:chicken":2,"minecraft:pig":7,"minecraft:salmon":1,"minecraft:creeper":2,"minecraft:sheep":7,"minecraft:pillager":1,"minecraft:zombie":29,"minecraft:stray":1,"alexsmobs:fly":2,"iceandfire:sea_serpent":1,"minecraft:cow":6,"mowziesmobs:naga":9,"mca:male_zombie_villager":1,"graveyard:nightmare":1,"alexsmobs:raccoon":2,"alexsmobs:seagull":2,"autumnity:turkey":5,"iceandfire:ghost":3,"alexsmobs:crow":1,"minecraft:enderman":2},"minecraft:picked_up":{"minecraft:wheat":2,"minecraft:iron_chestplate":2,"minecraft:redstone_block":1,"autumnity:maple_log":11,"tombstone:tablet_of_home":1,"minecraft:oak_stairs":2,"minecraft:enchanted_book":2,"minecraft:stone_brick_stairs":12,"minecraft:brewing_stand":2,"minecraft:string":21,"minecraft:raw_copper":58,"minecraft:iron_leggings":2,"minecraft:armor_stand":1,"iceandfire:sea_serpent_scales_bronze":14,"regions_unexplored:pine_log":24,"minecraft:gold_nugget":8,"minecraft:cobbled_deepslate":99,"minecraft:bucket":2,"biomesoplenty:fir_planks":600,"minecraft:spruce_planks":25,"artifacts:aqua_dashers":1,"alexsmobs:raccoon_tail":1,"delightful:green_tea_leaf":1,"minecraft:iron_boots":1,"autumnity:cooked_turkey":1,"minecraft:stick":42,"autumnity:maple_planks":18,"ecologics:walnut_log":4,"minecraft:torch":49,"minecraft:spruce_stairs":6,"minecraft:porkchop":9,"tombstone:grave_dust":11,"minecraft:warped_planks":1,"minecraft:stone_sword":1,"minecraft:mangrove_stairs":6,"quark:clear_shard":10,"minecraft:rotten_flesh":32,"minecraft:tropical_fish":1,"farmersdelight:onion":5,"supplementaries:antique_ink":3,"autumnity:turkey_egg":1,"supplementaries:ash":28,"autumnity:turkey":5,"minecraft:obsidian":9,"minecraft:cod":7,"minecraft:cobblestone":310,"ecologics:walnut":3,"minecraft:feather":21,"minecraft:andesite":21,"minecraft:water_bucket":2,"delightful:animal_fat":3,"biomesoplenty:fir_log":133,"minecraft:smoker":1,"minecraft:potato":13,"biomesoplenty:fir_sapling":4,"farmersdelight:bacon":4,"minecraft:flint":2,"minecraft:tuff":1,"supplementaries:flax_seeds":9,"autumnity:carved_large_pumpkin_slice":3,"minecraft:lapis_lazuli":73,"minecraft:mangrove_slab":3,"minecraft:dirt":407,"minecraft:lantern":1,"securitycraft:reinforced_stone_button":10,"minecraft:bone":32,"farmersdelight:iron_knife":1,"minecraft:acacia_planks":14,"minecraft:bow":1,"minecraft:wheat_seeds":143,"minecraft:raw_gold":22,"farmersdelight:pumpkin_slice":575,"minecraft:fletching_table":2,"minecraft:oak_planks":49,"minecraft:cooked_porkchop":10,"valhelsia_structures:green_metal_framed_glass_pane":2,"regions_unexplored:pine_sapling":2,"minecraft:oak_pressure_plate":4,"minecraft:jungle_planks":5,"ecologics:coconut_husk":8,"minecraft:stripped_spruce_log":3,"sophisticatedbackpacks:iron_backpack":3,"minecraft:ink_sac":1,"securitycraft:reinforced_stone":29,"minecraft:grass_block":1,"minecraft:cyan_bed":20,"minecraft:barrel":7,"alexsmobs:animal_dictionary":4,"minecraft:mossy_cobblestone":4,"minecraft:white_candle":4,"minecraft:diamond":8,"autumnity:maple_sapling":5,"minecraft:granite":40,"minecraft:bread":6,"minecraft:emerald":22,"alexsmobs:maggot":3,"minecraft:oak_sapling":6,"iceandfire:raw_silver":5,"minecraft:diamond_pickaxe":1,"minecraft:fishing_rod":1,"minecraft:charcoal":2,"minecraft:crafting_table":5,"minecraft:azure_bluet":2,"minecraft:chicken":1,"minecraft:ladder":1,"minecraft:wooden_pickaxe":2,"minecraft:stone_brick_wall":1,"more_bows_and_arrows:iron_bow":1,"minecraft:acacia_button":2,"minecraft:shield":2,"minecraft:cornflower":4,"biomesoplenty:fir_door":2,"minecraft:red_bed":3,"regions_unexplored:poppy_bush":48,"minecraft:iron_axe":2,"minecraft:iron_shovel":1,"minecraft:polished_blackstone_wall":1,"ecologics:walnut_sapling":1,"graveyard:corruption":1,"minecraft:cracked_stone_bricks":12,"minecraft:cartography_table":1,"minecraft:beef":15,"minecraft:iron_nugget":14,"minecraft:spruce_slab":8,"minecraft:lectern":50,"minecraft:sugar_cane":4,"minecraft:chest":3,"minecraft:birch_sapling":1,"minecraft:egg":2,"minecraft:raw_iron":166,"iceandfire:dragonbone":27,"ecologics:coconut_slice":2,"farmersdelight:tomato_seeds":1,"minecraft:cookie":4,"minecraft:carrot":16,"minecraft:redstone":23,"valhelsia_structures:explorers_tent":1,"minecraft:tnt":4,"minecraft:arrow":14,"minecraft:stone_shovel":1,"valhelsia_structures:brazier":1,"minecraft:decorated_pot":1,"minecraft:hay_block":31,"minecraft:saddle":1,"minecraft:mutton":20,"minecraft:rail":3,"minecraft:skeleton_skull":1,"minecraft:white_wool":13,"minecraft:stripped_oak_log":12,"autumnity:red_maple_sapling":8,"iceandfire:sea_serpent_fang":6,"minecraft:tripwire_hook":1,"biomesoplenty:fir_button":1,"minecraft:salmon":2,"minecraft:leather":7,"minecraft:filled_map":1,"minecraft:mushroom_stew":2,"minecraft:oak_log":9,"regions_unexplored:salmon_poppy_bush":1,"securitycraft:reinforced_glass":17,"minecraft:stone_bricks":48,"minecraft:kelp":113,"minecraft:iron_ingot":60,"tombstone:bag_of_seeds":1,"tombstone:tablet_of_guard":2,"minecraft:stone_pickaxe":3,"minecraft:cobweb":2,"securitycraft:universal_block_reinforcer_lvl1":3,"minecraft:stripped_oak_wood":17,"aquaculture:minnow":1,"minecraft:glass_bottle":2,"minecraft:iron_sword":2,"minecraft:book":163,"minecraft:oak_slab":2,"minecraft:pumpkin":1,"minecraft:stone_brick_slab":3,"minecraft:dandelion":2,"minecraft:gravel":33,"minecraft:white_bed":1,"quark:oak_chest":9,"minecraft:mossy_stone_brick_slab":1,"minecraft:spider_eye":10,"aquaculture:boulti":2,"mowziesmobs:naga_fang":3,"minecraft:pumpkin_seeds":80,"minecraft:stone_axe":1,"minecraft:iron_helmet":2,"tombstone:magic_scroll":3,"mca:book_infection":1,"minecraft:coal":133,"minecraft:ender_pearl":1},"minecraft:mined":{"minecraft:spruce_planks":29,"minecraft:white_bed":1,"minecraft:mossy_stone_brick_slab":1,"minecraft:brewing_stand":1,"minecraft:obsidian":9,"minecraft:granite":34,"minecraft:grass_block":139,"minecraft:stone_brick_wall":1,"minecraft:infested_cobblestone":1,"minecraft:tall_seagrass":7,"minecraft:fire":1,"minecraft:cobbled_deepslate":3,"minecraft:iron_ore":100,"minecraft:barrel":3,"valhelsia_structures:andesite":2,"minecraft:pumpkin":1,"minecraft:deepslate_lapis_ore":9,"minecraft:fletching_table":2,"minecraft:oak_stairs":2,"minecraft:spruce_slab":9,"autumnity:cooked_turkey":1,"valhelsia_structures:big_glazed_jar":1,"valhelsia_structures:explorers_tent":1,"minecraft:polished_blackstone_wall":1,"minecraft:red_bed":2,"minecraft:kelp_plant":23,"minecraft:smoker":1,"minecraft:torch":1,"minecraft:chest":3,"minecraft:cobblestone":40,"minecraft:cyan_bed":17,"minecraft:oak_planks":18,"minecraft:wall_torch":13,"valhelsia_structures:brazier":1,"minecraft:seagrass":4,"minecraft:warped_planks":1,"minecraft:stripped_oak_wood":18,"minecraft:stone_brick_stairs":7,"minecraft:potted_poppy":1,"minecraft:grass":34,"minecraft:oak_log":5,"minecraft:dirt":129,"minecraft:netherrack":7,"minecraft:oak_leaves":7,"minecraft:deepslate":100,"minecraft:diamond_ore":3,"minecraft:tuff":2,"iceandfire:silver_ore":5,"minecraft:mossy_cobblestone":5,"minecraft:deepslate_diamond_ore":1,"minecraft:decorated_pot":1,"minecraft:jungle_planks":5,"regions_unexplored:maple_leaves":3,"minecraft:kelp":7,"minecraft:cartography_table":1,"minecraft:large_fern":1,"minecraft:hay_block":31,"minecraft:redstone_ore":3,"minecraft:andesite":32,"minecraft:stripped_spruce_log":3,"valhelsia_structures:green_metal_framed_glass_pane":2,"treechop:chopped_log":7,"biomesoplenty:fir_door":2,"minecraft:bookshelf":25,"minecraft:vine":3,"biomesoplenty:high_grass":4,"minecraft:deepslate_iron_ore":47,"minecraft:stripped_oak_log":2,"biomesoplenty:barley":32,"regions_unexplored:medium_grass":2,"minecraft:stone":281,"valhelsia_structures:stone":5,"minecraft:oak_slab":3,"minecraft:redstone_block":1,"minecraft:mangrove_stairs":6,"autumnity:carved_large_pumpkin_slice":3,"quark:oak_chest":2,"minecraft:stone_brick_slab":5,"autumnity:maple_planks":18,"minecraft:crafting_table":3,"minecraft:emerald_ore":5,"regions_unexplored:salmon_poppy_bush":2,"biomesoplenty:fir_planks":156,"minecraft:lectern":49,"biomesoplenty:high_grass_plant":4,"minecraft:copper_ore":16,"minecraft:tall_grass":3,"farmersdelight:wild_tomatoes":1,"minecraft:deepslate_gold_ore":10,"minecraft:lapis_ore":3,"minecraft:diorite":4,"supplementaries:urn":7,"minecraft:spruce_stairs":6,"minecraft:mangrove_planks":3,"minecraft:mangrove_slab":3,"minecraft:coal_ore":134,"minecraft:gravel":48,"minecraft:cobweb":16,"minecraft:cracked_stone_bricks":14,"minecraft:acacia_planks":14,"minecraft:stone_bricks":67,"minecraft:mossy_stone_bricks":3,"minecraft:gold_ore":6,"minecraft:deepslate_emerald_ore":3,"minecraft:fern":1},"minecraft:used":{"iceandfire:tide_trident":29,"minecraft:iron_shovel":174,"minecraft:chest":3,"minecraft:shield":39,"minecraft:iron_sword":273,"biomesoplenty:fir_button":1,"minecraft:iron_chestplate":1,"minecraft:mutton":4,"securitycraft:keypad_item":1,"minecraft:carrot":19,"minecraft:lava_bucket":7,"mowziesmobs:naga_fang_dagger":4,"minecraft:lantern":2,"minecraft:stone_brick_stairs":1,"minecraft:stone_bricks":2,"minecraft:bow":3,"minecraft:furnace":2,"minecraft:egg":1,"minecraft:potato":28,"more_bows_and_arrows:iron_bow":84,"minecraft:stone_pickaxe":94,"minecraft:oak_planks":107,"minecraft:wooden_pickaxe":4,"biomesoplenty:fir_planks":859,"farmersdelight:pumpkin_slice":223,"minecraft:cookie":4,"minecraft:mushroom_stew":1,"minecraft:stone_brick_wall":1,"minecraft:bread":65,"minecraft:cyan_bed":16,"minecraft:lectern":48,"minecraft:gravel":9,"minecraft:diamond_sword":64,"autumnity:cooked_turkey":2,"minecraft:andesite":18,"minecraft:oak_boat":3,"minecraft:cobweb":2,"minecraft:enchanting_table":1,"autumnity:turkey_egg":1,"minecraft:stone_shovel":63,"minecraft:dried_kelp":67,"minecraft:spruce_planks":1,"minecraft:torch":261,"minecraft:dirt":134,"minecraft:anvil":1,"securitycraft:reinforced_stone":7,"farmersdelight:bacon":4,"minecraft:granite":28,"iceandfire:dragonsteel_lightning_axe":3,"minecraft:iron_axe":462,"valhelsia_structures:explorers_tent":1,"minecraft:iron_boots":1,"aquaculture:boulti":2,"minecraft:beef":4,"tombstone:gift":2,"minecraft:cobbled_deepslate":77,"minecraft:iron_leggings":1,"farmersdelight:iron_knife":23,"minecraft:cooked_mutton":4,"minecraft:water_bucket":31,"minecraft:cartography_table":1,"minecraft:fletching_table":3,"minecraft:cracked_stone_bricks":4,"minecraft:salmon":5,"farmersdelight:onion":4,"minecraft:crafting_table":9,"minecraft:red_bed":2,"minecraft:white_bed":1,"minecraft:cod":5,"minecraft:diamond_pickaxe":693,"minecraft:iron_pickaxe":248,"iceandfire:dragonsteel_ice_axe":7,"minecraft:stone_axe":203,"autumnity:carved_large_pumpkin_slice":3,"minecraft:cobblestone":108,"travelersbackpack:standard":4,"minecraft:porkchop":4,"minecraft:bucket":38,"quark:oak_chest":8}},"DataVersion":3465}