{"stats":{"minecraft:crafted":{"minecraft:oak_planks":144,"securitycraft:keypad_item":1,"minecraft:heavy_weighted_pressure_plate":1,"minecraft:cooked_mutton":4,"minecraft:iron_boots":1,"autumnity:cooked_turkey":1,"minecraft:emerald":1,"minecraft:arrow":80,"minecraft:crafting_table":6,"farmersdelight:iron_knife":1,"minecraft:wooden_pickaxe":1,"minecraft:iron_helmet":1,"minecraft:fletching_table":1,"minecraft:pumpkin_seeds":4,"biomesoplenty:fir_planks":489,"minecraft:iron_chestplate":1,"minecraft:diamond_pickaxe":1,"minecraft:shield":2,"minecraft:stick":176,"quark:oak_chest":6,"minecraft:iron_pickaxe":1,"minecraft:iron_ingot":117,"minecraft:stone_sword":2,"minecraft:gold_ingot":16,"minecraft:wooden_sword":1,"mowziesmobs:naga_fang_dagger":1,"minecraft:iron_nugget":9,"minecraft:furnace":2,"minecraft:lantern":1,"minecraft:iron_axe":3,"minecraft:stone_pickaxe":3,"minecraft:wheat":180,"minecraft:dried_kelp":89,"minecraft:stone_axe":2,"more_bows_and_arrows:iron_bow":1,"minecraft:bread":65,"minecraft:air":0,"minecraft:oak_boat":3,"minecraft:iron_shovel":2,"minecraft:iron_leggings":1,"biomesoplenty:fir_button":1,"minecraft:torch":264},"minecraft:broken":{"minecraft:stone_axe":1,"minecraft:stone_shovel":1,"farmersdelight:iron_knife":1,"minecraft:iron_axe":2,"minecraft:iron_pickaxe":1},"minecraft:dropped":{"biomesoplenty:fir_log":9,"iceandfire:raw_silver":2,"minecraft:oak_pressure_plate":3,"farmersdelight:pumpkin_slice":73,"minecraft:diamond":2,"minecraft:leather":1,"aquaculture:minnow":1,"minecraft:dirt":174,"minecraft:cornflower":4,"minecraft:fishing_rod":1,"minecraft:white_wool":2,"quark:oak_chest":6,"minecraft:bone":2,"minecraft:gravel":17,"minecraft:iron_nugget":5,"alexsmobs:animal_dictionary":1,"minecraft:cobbled_deepslate":7,"minecraft:rotten_flesh":12,"minecraft:azure_bluet":2,"minecraft:warped_planks":1,"supplementaries:flax_seeds":3,"supplementaries:ash":10,"ecologics:coconut_husk":4,"mca:book_infection":1,"minecraft:arrow":6,"biomesoplenty:fir_button":1,"minecraft:egg":1,"minecraft:water_bucket":1,"minecraft:iron_ingot":11,"minecraft:wheat_seeds":69,"minecraft:mossy_cobblestone":1,"minecraft:feather":1,"minecraft:cobblestone":5,"minecraft:granite":8,"minecraft:coal":1,"minecraft:stick":16,"autumnity:maple_log":11,"tombstone:grave_dust":4,"minecraft:iron_shovel":1,"minecraft:string":3,"ecologics:walnut_log":4,"minecraft:dandelion":2,"minecraft:bowl":1,"minecraft:tuff":1,"minecraft:pumpkin_seeds":40,"autumnity:red_maple_sapling":4,"minecraft:shield":2,"biomesoplenty:fir_planks":60,"minecraft:spruce_planks":1,"minecraft:oak_sapling":5,"minecraft:barrel":4,"minecraft:spider_eye":3,"minecraft:wooden_pickaxe":2,"securitycraft:universal_block_reinforcer_lvl1":3,"minecraft:cyan_bed":1},"minecraft:custom":{"minecraft:interact_with_crafting_table":60,"minecraft:open_barrel":21,"minecraft:leave_game":11,"minecraft:time_since_death":14732,"minecraft:sprint_one_cm":1560601,"minecraft:damage_blocked_by_shield":1120,"minecraft:drop":141,"minecraft:talked_to_villager":1,"minecraft:play_time":526628,"minecraft:deaths":10,"minecraft:jump":5125,"minecraft:walk_on_water_one_cm":29046,"minecraft:interact_with_furnace":70,"minecraft:traded_with_villager":5,"minecraft:interact_with_loom":1,"minecraft:sleep_in_bed":35,"minecraft:damage_dealt":18317,"minecraft:crouch_one_cm":44051,"tombstone:undead_killed":35,"minecraft:mob_kills":91,"minecraft:climb_one_cm":4925,"minecraft:walk_one_cm":1181390,"minecraft:sneak_time":14022,"minecraft:walk_under_water_one_cm":31554,"minecraft:total_world_time":526628,"tombstone:raider_killed":1,"minecraft:time_since_rest":9705,"minecraft:damage_taken":10610,"minecraft:trigger_trapped_chest":2,"minecraft:swim_one_cm":45835,"minecraft:fly_one_cm":1508318,"minecraft:open_chest":73,"minecraft:fall_one_cm":128351},"minecraft:killed":{"minecraft:witch":1,"minecraft:spider":12,"kobolds:kobold_rascal":1,"minecraft:cod":6,"minecraft:skeleton":6,"alexsmobs:orca":1,"minecraft:chicken":2,"minecraft:pig":2,"minecraft:salmon":1,"minecraft:creeper":2,"minecraft:sheep":7,"minecraft:zombie":25,"minecraft:stray":1,"iceandfire:sea_serpent":1,"minecraft:cow":2,"mowziesmobs:naga":8,"mca:male_zombie_villager":1,"graveyard:nightmare":1,"alexsmobs:raccoon":2,"alexsmobs:seagull":2,"autumnity:turkey":1,"iceandfire:ghost":2,"alexsmobs:crow":1,"minecraft:enderman":2},"minecraft:picked_up":{"minecraft:iron_chestplate":1,"minecraft:redstone_block":1,"autumnity:maple_log":11,"tombstone:tablet_of_home":1,"minecraft:oak_stairs":2,"minecraft:enchanted_book":2,"minecraft:brewing_stand":2,"minecraft:string":21,"minecraft:raw_copper":58,"minecraft:iron_leggings":1,"iceandfire:sea_serpent_scales_bronze":14,"regions_unexplored:pine_log":24,"minecraft:gold_nugget":8,"minecraft:cobbled_deepslate":99,"minecraft:bucket":2,"biomesoplenty:fir_planks":597,"minecraft:spruce_planks":23,"artifacts:aqua_dashers":1,"alexsmobs:raccoon_tail":1,"delightful:green_tea_leaf":1,"minecraft:iron_boots":1,"autumnity:cooked_turkey":1,"minecraft:stick":42,"autumnity:maple_planks":18,"ecologics:walnut_log":4,"minecraft:torch":48,"minecraft:spruce_stairs":4,"minecraft:porkchop":6,"tombstone:grave_dust":11,"minecraft:warped_planks":1,"minecraft:stone_sword":1,"quark:clear_shard":10,"minecraft:rotten_flesh":28,"minecraft:tropical_fish":1,"farmersdelight:onion":5,"supplementaries:antique_ink":3,"autumnity:turkey_egg":1,"supplementaries:ash":23,"autumnity:turkey":1,"minecraft:cod":7,"minecraft:cobblestone":292,"ecologics:walnut":3,"minecraft:feather":14,"minecraft:andesite":19,"minecraft:water_bucket":2,"delightful:animal_fat":3,"minecraft:smoker":1,"biomesoplenty:fir_log":133,"minecraft:potato":13,"biomesoplenty:fir_sapling":4,"farmersdelight:bacon":4,"minecraft:flint":2,"minecraft:tuff":1,"supplementaries:flax_seeds":9,"autumnity:carved_large_pumpkin_slice":3,"minecraft:lapis_lazuli":73,"minecraft:dirt":405,"minecraft:lantern":1,"securitycraft:reinforced_stone_button":10,"minecraft:bone":28,"farmersdelight:iron_knife":1,"minecraft:acacia_planks":14,"minecraft:bow":1,"minecraft:wheat_seeds":71,"minecraft:raw_gold":22,"farmersdelight:pumpkin_slice":575,"minecraft:fletching_table":2,"minecraft:oak_planks":47,"regions_unexplored:pine_sapling":2,"minecraft:oak_pressure_plate":4,"minecraft:jungle_planks":3,"ecologics:coconut_husk":8,"sophisticatedbackpacks:iron_backpack":1,"minecraft:ink_sac":1,"securitycraft:reinforced_stone":29,"minecraft:grass_block":1,"minecraft:cyan_bed":13,"minecraft:barrel":7,"alexsmobs:animal_dictionary":4,"minecraft:mossy_cobblestone":1,"minecraft:white_candle":4,"minecraft:diamond":7,"autumnity:maple_sapling":5,"minecraft:granite":40,"minecraft:bread":6,"minecraft:emerald":17,"minecraft:oak_sapling":5,"iceandfire:raw_silver":5,"minecraft:diamond_pickaxe":1,"minecraft:fishing_rod":1,"minecraft:charcoal":2,"minecraft:crafting_table":4,"minecraft:azure_bluet":2,"minecraft:chicken":1,"minecraft:ladder":1,"minecraft:wooden_pickaxe":2,"more_bows_and_arrows:iron_bow":1,"minecraft:acacia_button":2,"minecraft:shield":2,"minecraft:cornflower":4,"minecraft:red_bed":3,"minecraft:iron_axe":1,"minecraft:iron_shovel":1,"minecraft:polished_blackstone_wall":1,"ecologics:walnut_sapling":1,"graveyard:corruption":1,"minecraft:cartography_table":1,"minecraft:beef":6,"minecraft:iron_nugget":14,"minecraft:lectern":13,"minecraft:sugar_cane":4,"minecraft:chest":3,"minecraft:birch_sapling":1,"minecraft:egg":1,"minecraft:raw_iron":97,"minecraft:cookie":4,"minecraft:redstone":23,"minecraft:carrot":16,"minecraft:tnt":4,"minecraft:arrow":6,"minecraft:stone_shovel":1,"minecraft:hay_block":20,"minecraft:saddle":1,"minecraft:mutton":20,"minecraft:rail":3,"minecraft:skeleton_skull":1,"minecraft:white_wool":13,"minecraft:stripped_oak_log":4,"autumnity:red_maple_sapling":8,"iceandfire:sea_serpent_fang":6,"minecraft:tripwire_hook":1,"biomesoplenty:fir_button":1,"minecraft:salmon":2,"minecraft:leather":1,"minecraft:filled_map":1,"minecraft:mushroom_stew":2,"regions_unexplored:salmon_poppy_bush":1,"minecraft:stone_bricks":2,"minecraft:kelp":113,"tombstone:tablet_of_guard":2,"minecraft:stone_pickaxe":3,"minecraft:cobweb":2,"minecraft:stripped_oak_wood":17,"securitycraft:universal_block_reinforcer_lvl1":3,"aquaculture:minnow":1,"minecraft:glass_bottle":2,"minecraft:iron_sword":2,"minecraft:book":163,"minecraft:oak_slab":2,"minecraft:pumpkin":1,"minecraft:dandelion":2,"minecraft:gravel":31,"quark:oak_chest":9,"minecraft:spider_eye":10,"aquaculture:boulti":2,"mowziesmobs:naga_fang":2,"minecraft:pumpkin_seeds":80,"minecraft:stone_axe":1,"minecraft:iron_helmet":1,"tombstone:magic_scroll":3,"mca:book_infection":1,"minecraft:coal":70,"minecraft:ender_pearl":1},"minecraft:mined":{"minecraft:spruce_planks":28,"minecraft:brewing_stand":1,"minecraft:granite":34,"minecraft:grass_block":134,"minecraft:tall_seagrass":7,"minecraft:cobbled_deepslate":3,"minecraft:iron_ore":31,"minecraft:barrel":3,"minecraft:pumpkin":1,"minecraft:fletching_table":2,"minecraft:deepslate_lapis_ore":9,"minecraft:oak_stairs":2,"minecraft:spruce_slab":1,"autumnity:cooked_turkey":1,"minecraft:smoker":1,"minecraft:polished_blackstone_wall":1,"minecraft:red_bed":2,"minecraft:kelp_plant":23,"minecraft:torch":1,"minecraft:chest":3,"minecraft:cobblestone":24,"minecraft:cyan_bed":10,"minecraft:oak_planks":16,"minecraft:wall_torch":13,"minecraft:seagrass":4,"minecraft:warped_planks":1,"minecraft:stripped_oak_wood":18,"minecraft:potted_poppy":1,"minecraft:grass":20,"minecraft:oak_log":2,"minecraft:dirt":127,"minecraft:oak_leaves":6,"minecraft:deepslate":100,"minecraft:diamond_ore":3,"minecraft:tuff":2,"iceandfire:silver_ore":5,"minecraft:mossy_cobblestone":1,"minecraft:deepslate_diamond_ore":1,"minecraft:jungle_planks":3,"minecraft:kelp":7,"minecraft:cartography_table":1,"minecraft:large_fern":1,"minecraft:hay_block":20,"minecraft:redstone_ore":3,"minecraft:andesite":32,"treechop:chopped_log":6,"minecraft:bookshelf":25,"minecraft:vine":3,"biomesoplenty:high_grass":4,"minecraft:deepslate_iron_ore":47,"minecraft:stripped_oak_log":2,"minecraft:stone":279,"minecraft:oak_slab":3,"minecraft:redstone_block":1,"autumnity:carved_large_pumpkin_slice":3,"quark:oak_chest":2,"autumnity:maple_planks":18,"minecraft:crafting_table":2,"regions_unexplored:salmon_poppy_bush":2,"biomesoplenty:fir_planks":153,"minecraft:lectern":12,"biomesoplenty:high_grass_plant":4,"minecraft:tall_grass":3,"minecraft:copper_ore":16,"minecraft:lapis_ore":3,"minecraft:deepslate_gold_ore":10,"supplementaries:urn":7,"minecraft:spruce_stairs":4,"minecraft:coal_ore":70,"minecraft:gravel":33,"minecraft:cobweb":15,"minecraft:cracked_stone_bricks":1,"minecraft:acacia_planks":14,"minecraft:stone_bricks":8,"minecraft:mossy_stone_bricks":1,"minecraft:gold_ore":6,"minecraft:deepslate_emerald_ore":3,"minecraft:fern":1},"minecraft:used":{"minecraft:iron_shovel":173,"minecraft:chest":3,"minecraft:shield":21,"minecraft:iron_sword":215,"biomesoplenty:fir_button":1,"minecraft:iron_chestplate":1,"minecraft:mutton":4,"securitycraft:keypad_item":1,"minecraft:carrot":19,"mowziesmobs:naga_fang_dagger":4,"minecraft:lantern":2,"minecraft:stone_bricks":2,"minecraft:bow":3,"minecraft:furnace":2,"minecraft:potato":28,"more_bows_and_arrows:iron_bow":84,"minecraft:stone_pickaxe":94,"minecraft:oak_planks":37,"minecraft:wooden_pickaxe":4,"biomesoplenty:fir_planks":856,"farmersdelight:pumpkin_slice":223,"minecraft:cookie":4,"minecraft:mushroom_stew":1,"minecraft:bread":4,"minecraft:cyan_bed":8,"minecraft:lectern":12,"minecraft:gravel":9,"autumnity:cooked_turkey":2,"minecraft:andesite":18,"minecraft:oak_boat":3,"minecraft:cobweb":2,"autumnity:turkey_egg":1,"minecraft:stone_shovel":63,"minecraft:dried_kelp":67,"minecraft:torch":254,"minecraft:dirt":134,"securitycraft:reinforced_stone":7,"farmersdelight:bacon":4,"minecraft:granite":28,"iceandfire:dragonsteel_lightning_axe":3,"minecraft:iron_axe":368,"minecraft:iron_boots":1,"aquaculture:boulti":2,"minecraft:beef":4,"tombstone:gift":2,"minecraft:cobbled_deepslate":77,"minecraft:iron_leggings":1,"minecraft:cooked_mutton":4,"farmersdelight:iron_knife":23,"minecraft:water_bucket":22,"minecraft:cartography_table":1,"minecraft:fletching_table":3,"minecraft:salmon":5,"farmersdelight:onion":4,"minecraft:crafting_table":8,"minecraft:red_bed":2,"minecraft:cod":5,"minecraft:diamond_pickaxe":389,"minecraft:iron_pickaxe":248,"iceandfire:dragonsteel_ice_axe":7,"autumnity:carved_large_pumpkin_slice":3,"minecraft:stone_axe":203,"minecraft:cobblestone":106,"travelersbackpack:standard":4,"minecraft:porkchop":4,"minecraft:bucket":23,"quark:oak_chest":8}},"DataVersion":3465}