{"stats":{"minecraft:custom":{"minecraft:jump":128,"minecraft:time_since_rest":17194,"minecraft:damage_dealt":240,"minecraft:crouch_one_cm":317,"minecraft:sprint_one_cm":17542,"minecraft:play_time":17194,"minecraft:damage_taken":238,"minecraft:time_since_death":17194,"minecraft:walk_one_cm":28590,"minecraft:sneak_time":73,"minecraft:total_world_time":17194,"minecraft:mob_kills":3,"minecraft:fall_one_cm":5038,"minecraft:fly_one_cm":14785},"minecraft:used":{"minecraft:mutton":5},"minecraft:picked_up":{"biomesoplenty:fir_log":121,"minecraft:stick":16,"delightful:green_tea_leaf":6,"minecraft:mutton":5,"minecraft:white_wool":3,"biomesoplenty:fir_sapling":25},"minecraft:mined":{"minecraft:grass":1,"treechop:chopped_log":1},"minecraft:killed":{"minecraft:sheep":3}},"DataVersion":3465}