{"stats":{"minecraft:custom":{"minecraft:interact_with_furnace":14,"minecraft:mob_kills":14,"minecraft:interact_with_crafting_table":28,"minecraft:damage_dealt_resisted":31,"minecraft:leave_game":1,"minecraft:time_since_death":61897,"minecraft:sleep_in_bed":8,"minecraft:time_since_rest":13324,"minecraft:sprint_one_cm":174396,"minecraft:damage_taken":2173,"minecraft:walk_one_cm":370900,"minecraft:drop":23,"minecraft:damage_dealt":1996,"minecraft:fly_one_cm":317280,"minecraft:open_chest":15,"minecraft:crouch_one_cm":19551,"minecraft:play_time":131041,"tombstone:undead_killed":1,"minecraft:deaths":2,"minecraft:sneak_time":6573,"minecraft:walk_under_water_one_cm":12978,"minecraft:jump":1775,"minecraft:walk_on_water_one_cm":9099,"minecraft:total_world_time":131041,"minecraft:fall_one_cm":51232},"minecraft:used":{"minecraft:stone_sword":37,"minecraft:stone_shovel":768,"minecraft:stone_pickaxe":70,"minecraft:wooden_pickaxe":11,"biomesoplenty:fir_planks":309,"minecraft:wooden_shovel":194,"minecraft:cooked_chicken":1,"minecraft:dirt":366,"minecraft:mutton":6,"minecraft:crafting_table":2,"minecraft:red_bed":1,"minecraft:white_bed":3,"minecraft:wooden_axe":101,"minecraft:apple":9,"minecraft:bread":8,"minecraft:cyan_bed":1,"ecologics:coconut_slice":2,"delightful:green_tea_leaf":7,"biomesoplenty:fir_door":1,"minecraft:beef":1,"minecraft:furnace":2,"minecraft:porkchop":2,"ecologics:walnut":8,"tombstone:gift":2,"alexsmobs:animal_dictionary":1,"minecraft:cooked_beef":4,"minecraft:potato":6},"minecraft:broken":{"minecraft:wooden_shovel":3,"minecraft:stone_shovel":5},"minecraft:picked_up":{"minecraft:crafting_table":1,"ecologics:walnut":8,"autumnity:maple_log":4,"minecraft:leather":2,"minecraft:oak_stairs":2,"minecraft:potato":3,"biomesoplenty:fir_sapling":50,"biomesoplenty:fir_log":130,"minecraft:oak_log":4,"minecraft:cobblestone_stairs":1,"biomesoplenty:fir_door":1,"minecraft:string":2,"minecraft:dirt":833,"minecraft:red_bed":2,"minecraft:bone":8,"ecologics:walnut_sapling":5,"minecraft:apple":11,"minecraft:wheat_seeds":45,"regions_unexplored:pine_log":12,"biomesoplenty:fir_planks":106,"minecraft:beef":6,"minecraft:wooden_shovel":1,"minecraft:sugar_cane":2,"delightful:green_tea_leaf":7,"minecraft:oak_planks":4,"minecraft:furnace":1,"minecraft:stick":24,"ecologics:walnut_log":8,"ecologics:coconut_slice":2,"minecraft:dandelion":1,"minecraft:gravel":2,"minecraft:porkchop":2,"minecraft:sand":6,"ecologics:coconut_husk":4,"minecraft:white_bed":2,"minecraft:cyan_bed":1,"minecraft:rotten_flesh":1,"autumnity:maple_sapling":5,"minecraft:bread":1,"iceandfire:raw_silver":2,"minecraft:mutton":6,"minecraft:coal":23,"minecraft:white_wool":4,"minecraft:cobblestone":33},"minecraft:crafted":{"minecraft:cooked_beef":6,"minecraft:oak_planks":16,"minecraft:wooden_shovel":3,"minecraft:stone_shovel":6,"minecraft:crafting_table":1,"minecraft:cooked_chicken":1,"minecraft:wooden_pickaxe":1,"minecraft:furnace":1,"minecraft:bread":7,"biomesoplenty:fir_planks":720,"minecraft:bow":1,"minecraft:stick":16,"minecraft:stone_pickaxe":1,"minecraft:wooden_axe":2,"autumnity:maple_planks":16,"minecraft:white_bed":1,"biomesoplenty:fir_door":3},"minecraft:dropped":{"minecraft:gravel":1,"regions_unexplored:pine_log":12,"minecraft:sugar_cane":2,"minecraft:wheat_seeds":10,"alexsmobs:animal_dictionary":2,"ecologics:walnut_sapling":1,"biomesoplenty:fir_sapling":25,"minecraft:cobblestone_stairs":1,"minecraft:filled_map":1,"minecraft:dirt":19,"biomesoplenty:fir_planks":383,"minecraft:wooden_axe":1,"ecologics:coconut_husk":4,"minecraft:wooden_shovel":1,"minecraft:bow":1,"alexsmobs:raccoon_tail":1},"minecraft:mined":{"minecraft:white_bed":2,"iceandfire:silver_ore":2,"minecraft:red_bed":2,"minecraft:cobblestone_stairs":1,"minecraft:dandelion":1,"minecraft:crafting_table":1,"minecraft:grass_block":586,"biomesoplenty:fir_planks":42,"minecraft:tall_grass":53,"minecraft:sugar_cane":1,"minecraft:oak_planks":3,"minecraft:furnace":1,"treechop:chopped_log":4,"minecraft:grass":253,"minecraft:oak_log":4,"biomesoplenty:fir_door":1,"minecraft:coal_ore":13,"minecraft:gravel":1,"minecraft:sand":7,"minecraft:dirt":285,"minecraft:stone":33},"minecraft:killed":{"minecraft:pig":1,"alexsmobs:raccoon":1,"minecraft:spider":2,"minecraft:sheep":4,"minecraft:zombie":1,"minecraft:cow":3}},"DataVersion":3465}