{"stats":{"minecraft:custom":{"minecraft:mob_kills":18,"minecraft:interact_with_crafting_table":65,"minecraft:open_barrel":40,"minecraft:damage_dealt_resisted":31,"minecraft:leave_game":2,"minecraft:time_since_death":112609,"minecraft:sprint_one_cm":351923,"minecraft:walk_one_cm":891975,"minecraft:drop":67,"minecraft:play_time":286828,"minecraft:deaths":3,"minecraft:sneak_time":19230,"minecraft:walk_under_water_one_cm":15596,"minecraft:jump":3596,"minecraft:walk_on_water_one_cm":19752,"minecraft:total_world_time":286828,"minecraft:interact_with_furnace":33,"minecraft:sleep_in_bed":18,"minecraft:time_since_rest":5392,"minecraft:damage_taken":3373,"minecraft:damage_dealt":2642,"minecraft:swim_one_cm":1420,"minecraft:fly_one_cm":674612,"minecraft:open_chest":54,"minecraft:crouch_one_cm":75605,"tombstone:undead_killed":2,"minecraft:fall_one_cm":90974},"minecraft:used":{"minecraft:stone_sword":67,"minecraft:iron_shovel":255,"minecraft:stone_shovel":2126,"minecraft:wooden_shovel":194,"autumnity:large_pumpkin_slice":1,"minecraft:stone_hoe":94,"minecraft:cooked_chicken":1,"minecraft:torch":40,"minecraft:dirt":1074,"minecraft:mutton":6,"minecraft:glass":56,"minecraft:wooden_axe":103,"biomesoplenty:fir_sapling":23,"autumnity:maple_planks":19,"minecraft:barrel":2,"delightful:green_tea_leaf":10,"minecraft:beef":1,"minecraft:furnace":3,"ecologics:walnut":8,"tombstone:gift":4,"minecraft:cooked_beef":6,"minecraft:potato":6,"minecraft:pumpkin":1,"minecraft:wheat_seeds":51,"farmersdelight:iron_knife":3,"minecraft:water_bucket":21,"minecraft:stone_pickaxe":186,"minecraft:wooden_pickaxe":11,"biomesoplenty:fir_planks":1192,"farmersdelight:pumpkin_slice":20,"minecraft:crafting_table":2,"minecraft:red_bed":3,"minecraft:white_bed":4,"minecraft:pumpkin_seeds":4,"minecraft:wooden_hoe":62,"minecraft:apple":9,"minecraft:bread":15,"minecraft:cyan_bed":3,"minecraft:lectern":1,"minecraft:stone_axe":100,"ecologics:coconut_slice":10,"minecraft:cobblestone":7,"biomesoplenty:fir_door":10,"minecraft:porkchop":2,"minecraft:bucket":21,"quark:oak_chest":1,"alexsmobs:animal_dictionary":1,"minecraft:bone_meal":48},"minecraft:broken":{"minecraft:iron_shovel":1,"minecraft:wooden_shovel":3,"minecraft:stone_pickaxe":1,"minecraft:wooden_axe":1,"minecraft:wooden_hoe":1,"minecraft:stone_shovel":14},"minecraft:picked_up":{"minecraft:crafting_table":1,"minecraft:allium":12,"minecraft:wheat":24,"autumnity:maple_log":15,"ecologics:seashell":1,"minecraft:oak_stairs":4,"minecraft:enchanted_book":4,"minecraft:cornflower":2,"minecraft:red_bed":3,"minecraft:string":3,"biomesoplenty:fir_door":5,"minecraft:iron_shovel":1,"ecologics:walnut_sapling":5,"regions_unexplored:pine_log":12,"biomesoplenty:fir_planks":318,"minecraft:beef":6,"minecraft:wooden_shovel":1,"alexsmobs:raccoon_tail":1,"minecraft:lectern":1,"minecraft:sugar_cane":4,"delightful:green_tea_leaf":16,"minecraft:furnace":2,"minecraft:stick":61,"autumnity:maple_planks":13,"ecologics:walnut_log":16,"ecologics:coconut_slice":8,"minecraft:torch":18,"minecraft:porkchop":2,"tombstone:grave_dust":2,"quark:clear_shard":5,"minecraft:rotten_flesh":2,"minecraft:stone_shovel":2,"autumnity:large_pumpkin_slice":4,"minecraft:mutton":6,"minecraft:cod":1,"minecraft:white_wool":11,"minecraft:cobblestone":110,"minecraft:oxeye_daisy":1,"ecologics:walnut":8,"autumnity:red_maple_sapling":4,"minecraft:water_bucket":1,"minecraft:leather":9,"minecraft:potato":3,"biomesoplenty:fir_sapling":100,"biomesoplenty:fir_log":369,"minecraft:oak_log":4,"minecraft:cobblestone_stairs":1,"minecraft:dirt":2952,"minecraft:bone":10,"minecraft:apple":11,"minecraft:wheat_seeds":107,"farmersdelight:pumpkin_slice":22,"minecraft:fletching_table":1,"minecraft:oak_planks":8,"minecraft:book":76,"minecraft:pumpkin":1,"minecraft:dandelion":6,"minecraft:oak_pressure_plate":1,"minecraft:gravel":3,"minecraft:sand":70,"ecologics:coconut_husk":12,"minecraft:white_bed":3,"minecraft:cyan_bed":3,"quark:oak_chest":1,"autumnity:maple_sapling":10,"minecraft:bread":1,"minecraft:coal":67,"iceandfire:raw_silver":4},"minecraft:crafted":{"minecraft:oak_planks":16,"minecraft:stone_shovel":17,"minecraft:barrel":2,"mowziesmobs:naga_fang_dagger":1,"minecraft:cooked_chicken":1,"minecraft:furnace":1,"minecraft:bone_meal":48,"minecraft:glass":70,"minecraft:bow":1,"biomesoplenty:fir_slab":18,"minecraft:stone_pickaxe":5,"autumnity:maple_planks":60,"minecraft:stone_hoe":2,"minecraft:cooked_beef":6,"minecraft:wooden_shovel":3,"minecraft:crafting_table":1,"farmersdelight:iron_knife":1,"minecraft:wooden_pickaxe":1,"minecraft:stone_axe":1,"minecraft:bread":14,"biomesoplenty:fir_planks":1559,"minecraft:wooden_hoe":1,"minecraft:stick":20,"minecraft:iron_ingot":7,"minecraft:iron_pickaxe":1,"minecraft:wooden_axe":2,"minecraft:stone_sword":1,"minecraft:white_bed":1,"minecraft:torch":44,"biomesoplenty:fir_door":6},"minecraft:dropped":{"biomesoplenty:fir_log":15,"minecraft:enchanted_book":2,"minecraft:water_bucket":1,"minecraft:wheat_seeds":10,"farmersdelight:pumpkin_slice":2,"autumnity:large_pumpkin_slice":2,"minecraft:book":12,"ecologics:walnut_sapling":1,"minecraft:leather":6,"minecraft:fletching_table":1,"biomesoplenty:fir_sapling":52,"minecraft:cod":1,"minecraft:cobblestone_stairs":1,"minecraft:oxeye_daisy":1,"minecraft:dirt":461,"minecraft:cornflower":2,"minecraft:wooden_axe":1,"tombstone:grave_dust":1,"minecraft:string":1,"alexsmobs:raccoon_tail":1,"minecraft:dandelion":6,"minecraft:bone":7,"minecraft:gravel":1,"regions_unexplored:pine_log":12,"minecraft:sugar_cane":4,"alexsmobs:animal_dictionary":2,"minecraft:wheat":3,"minecraft:stone_shovel":3,"minecraft:rotten_flesh":1,"minecraft:oak_planks":2,"autumnity:maple_sapling":5,"minecraft:filled_map":1,"autumnity:red_maple_sapling":4,"biomesoplenty:fir_planks":633,"ecologics:coconut_husk":10,"minecraft:wooden_shovel":1,"minecraft:bow":1},"minecraft:mined":{"minecraft:white_bed":3,"minecraft:farmland":2,"iceandfire:silver_ore":2,"minecraft:cobblestone_stairs":1,"minecraft:allium":12,"minecraft:grass_block":1427,"minecraft:oxeye_daisy":1,"minecraft:furnace":2,"minecraft:pumpkin":1,"treechop:chopped_log":6,"biomesoplenty:fir_door":5,"minecraft:stone":110,"minecraft:red_bed":2,"quark:oak_chest":1,"minecraft:dandelion":2,"minecraft:cornflower":1,"autumnity:maple_planks":1,"minecraft:torch":9,"minecraft:crafting_table":2,"biomesoplenty:fir_planks":72,"minecraft:poppy":1,"minecraft:lectern":1,"minecraft:glass":2,"minecraft:tall_grass":75,"minecraft:cyan_bed":2,"minecraft:oak_planks":3,"minecraft:sugar_cane":1,"minecraft:wall_torch":8,"farmersdelight:sandy_shrub":1,"ecologics:seashell":1,"biomesoplenty:fir_log":3,"minecraft:grass":465,"minecraft:oak_log":4,"minecraft:coal_ore":50,"minecraft:gravel":1,"minecraft:sand":75,"minecraft:dirt":1001,"autumnity:large_pumpkin_slice":2},"minecraft:killed":{"alexsmobs:raccoon":2,"minecraft:spider":3,"minecraft:pig":1,"minecraft:sheep":4,"minecraft:zombie":2,"minecraft:cow":3,"mowziesmobs:naga":1}},"DataVersion":3465}