{"stats":{"minecraft:custom":{"minecraft:interact_with_furnace":3,"minecraft:mob_kills":10,"minecraft:interact_with_crafting_table":17,"minecraft:damage_dealt_resisted":31,"minecraft:time_since_death":20050,"minecraft:sleep_in_bed":5,"minecraft:time_since_rest":2082,"minecraft:sprint_one_cm":114115,"minecraft:damage_taken":1448,"minecraft:walk_one_cm":239104,"minecraft:drop":18,"minecraft:damage_dealt":1261,"minecraft:fly_one_cm":162567,"minecraft:open_chest":3,"minecraft:play_time":89194,"minecraft:crouch_one_cm":11069,"minecraft:deaths":2,"minecraft:sneak_time":4116,"minecraft:walk_under_water_one_cm":6322,"minecraft:jump":1006,"minecraft:walk_on_water_one_cm":5225,"minecraft:total_world_time":89194,"minecraft:fall_one_cm":31917},"minecraft:used":{"minecraft:stone_shovel":587,"minecraft:stone_pickaxe":39,"minecraft:wooden_pickaxe":11,"biomesoplenty:fir_planks":130,"minecraft:wooden_shovel":70,"minecraft:cooked_chicken":1,"minecraft:dirt":293,"minecraft:mutton":6,"minecraft:crafting_table":2,"minecraft:white_bed":3,"minecraft:wooden_axe":64,"minecraft:apple":9,"minecraft:cyan_bed":1,"biomesoplenty:fir_door":1,"minecraft:beef":1,"minecraft:furnace":2,"minecraft:porkchop":2,"alexsmobs:animal_dictionary":1,"minecraft:potato":6},"minecraft:broken":{"minecraft:wooden_shovel":1,"minecraft:stone_shovel":4},"minecraft:picked_up":{"minecraft:crafting_table":1,"autumnity:maple_log":4,"minecraft:leather":2,"minecraft:oak_stairs":2,"minecraft:potato":3,"biomesoplenty:fir_sapling":50,"biomesoplenty:fir_log":121,"minecraft:oak_log":4,"minecraft:cobblestone_stairs":1,"minecraft:string":1,"minecraft:dirt":571,"biomesoplenty:fir_door":1,"minecraft:red_bed":1,"minecraft:bone":8,"ecologics:walnut_sapling":2,"minecraft:apple":11,"minecraft:wheat_seeds":35,"regions_unexplored:pine_log":12,"biomesoplenty:fir_planks":83,"minecraft:beef":3,"minecraft:wooden_shovel":1,"delightful:green_tea_leaf":7,"minecraft:sugar_cane":2,"minecraft:oak_planks":4,"minecraft:furnace":1,"minecraft:stick":20,"ecologics:walnut_log":4,"minecraft:gravel":2,"minecraft:porkchop":2,"ecologics:coconut_husk":4,"minecraft:white_bed":2,"minecraft:cyan_bed":1,"autumnity:maple_sapling":5,"minecraft:bread":1,"minecraft:mutton":6,"iceandfire:raw_silver":2,"minecraft:coal":15,"minecraft:white_wool":4,"minecraft:cobblestone":15},"minecraft:crafted":{"minecraft:oak_planks":16,"minecraft:wooden_shovel":2,"minecraft:stone_shovel":4,"minecraft:crafting_table":1,"minecraft:wooden_pickaxe":1,"minecraft:cooked_chicken":1,"minecraft:furnace":1,"biomesoplenty:fir_planks":252,"minecraft:stone_pickaxe":1,"minecraft:wooden_axe":2,"autumnity:maple_planks":16,"minecraft:white_bed":1,"biomesoplenty:fir_door":3},"minecraft:dropped":{"minecraft:gravel":1,"minecraft:sugar_cane":2,"regions_unexplored:pine_log":12,"minecraft:wheat_seeds":10,"alexsmobs:animal_dictionary":2,"ecologics:walnut_sapling":1,"biomesoplenty:fir_sapling":25,"minecraft:cobblestone_stairs":1,"minecraft:filled_map":1,"minecraft:dirt":19,"biomesoplenty:fir_planks":128,"minecraft:wooden_axe":1,"ecologics:coconut_husk":4,"minecraft:wooden_shovel":1,"alexsmobs:raccoon_tail":1},"minecraft:mined":{"minecraft:white_bed":2,"iceandfire:silver_ore":2,"minecraft:red_bed":1,"minecraft:cobblestone_stairs":1,"minecraft:crafting_table":1,"minecraft:grass_block":395,"biomesoplenty:fir_planks":20,"minecraft:tall_grass":52,"minecraft:oak_planks":3,"minecraft:sugar_cane":1,"minecraft:furnace":1,"treechop:chopped_log":3,"minecraft:grass":160,"biomesoplenty:fir_door":1,"minecraft:coal_ore":5,"minecraft:oak_log":4,"minecraft:gravel":1,"minecraft:dirt":198,"minecraft:stone":15},"minecraft:killed":{"minecraft:pig":1,"alexsmobs:raccoon":1,"minecraft:spider":1,"minecraft:sheep":4,"minecraft:cow":2}},"DataVersion":3465}