{"stats":{"minecraft:custom":{"minecraft:interact_with_furnace":3,"minecraft:mob_kills":10,"minecraft:interact_with_crafting_table":14,"minecraft:damage_dealt_resisted":31,"minecraft:time_since_death":8050,"minecraft:sleep_in_bed":4,"minecraft:time_since_rest":7487,"minecraft:sprint_one_cm":82520,"minecraft:damage_taken":1418,"minecraft:walk_one_cm":193159,"minecraft:drop":11,"minecraft:damage_dealt":1261,"minecraft:fly_one_cm":117716,"minecraft:open_chest":3,"minecraft:play_time":77194,"minecraft:crouch_one_cm":11069,"minecraft:deaths":2,"minecraft:sneak_time":4116,"minecraft:walk_under_water_one_cm":6322,"minecraft:jump":797,"minecraft:walk_on_water_one_cm":5225,"minecraft:total_world_time":77194,"minecraft:fall_one_cm":26554},"minecraft:used":{"minecraft:stone_shovel":572,"minecraft:stone_pickaxe":39,"minecraft:wooden_pickaxe":11,"biomesoplenty:fir_planks":118,"minecraft:cooked_chicken":1,"minecraft:dirt":290,"minecraft:mutton":6,"minecraft:crafting_table":2,"minecraft:white_bed":2,"minecraft:wooden_axe":28,"minecraft:apple":5,"minecraft:cyan_bed":1,"biomesoplenty:fir_door":1,"minecraft:beef":1,"minecraft:furnace":2,"minecraft:porkchop":2,"alexsmobs:animal_dictionary":1,"minecraft:potato":6},"minecraft:broken":{"minecraft:stone_shovel":3},"minecraft:picked_up":{"minecraft:crafting_table":1,"autumnity:maple_log":4,"minecraft:leather":2,"minecraft:oak_stairs":2,"minecraft:potato":3,"biomesoplenty:fir_sapling":50,"biomesoplenty:fir_log":121,"minecraft:oak_log":4,"minecraft:cobblestone_stairs":1,"minecraft:string":1,"minecraft:dirt":476,"biomesoplenty:fir_door":1,"minecraft:red_bed":1,"minecraft:bone":8,"ecologics:walnut_sapling":1,"minecraft:apple":11,"minecraft:wheat_seeds":17,"regions_unexplored:pine_log":12,"biomesoplenty:fir_planks":70,"minecraft:beef":3,"delightful:green_tea_leaf":7,"minecraft:sugar_cane":2,"minecraft:oak_planks":4,"minecraft:furnace":1,"minecraft:stick":20,"ecologics:walnut_log":4,"minecraft:gravel":2,"minecraft:porkchop":2,"ecologics:coconut_husk":4,"minecraft:white_bed":2,"minecraft:cyan_bed":1,"autumnity:maple_sapling":5,"minecraft:bread":1,"minecraft:mutton":6,"iceandfire:raw_silver":2,"minecraft:coal":15,"minecraft:white_wool":4,"minecraft:cobblestone":15},"minecraft:crafted":{"minecraft:oak_planks":16,"minecraft:stone_shovel":4,"minecraft:crafting_table":1,"minecraft:wooden_pickaxe":1,"minecraft:cooked_chicken":1,"minecraft:furnace":1,"biomesoplenty:fir_planks":188,"minecraft:stone_pickaxe":1,"minecraft:wooden_axe":1,"autumnity:maple_planks":16,"minecraft:white_bed":1,"biomesoplenty:fir_door":3},"minecraft:dropped":{"minecraft:gravel":1,"regions_unexplored:pine_log":12,"alexsmobs:animal_dictionary":2,"biomesoplenty:fir_sapling":25,"minecraft:cobblestone_stairs":1,"minecraft:filled_map":1,"biomesoplenty:fir_planks":128,"minecraft:wooden_axe":1,"alexsmobs:raccoon_tail":1},"minecraft:mined":{"minecraft:white_bed":2,"iceandfire:silver_ore":2,"minecraft:red_bed":1,"minecraft:cobblestone_stairs":1,"minecraft:crafting_table":1,"minecraft:grass_block":344,"biomesoplenty:fir_planks":7,"minecraft:tall_grass":37,"minecraft:oak_planks":3,"minecraft:sugar_cane":1,"minecraft:furnace":1,"treechop:chopped_log":3,"minecraft:grass":80,"biomesoplenty:fir_door":1,"minecraft:coal_ore":5,"minecraft:oak_log":4,"minecraft:gravel":1,"minecraft:dirt":167,"minecraft:stone":15},"minecraft:killed":{"minecraft:pig":1,"alexsmobs:raccoon":1,"minecraft:spider":1,"minecraft:sheep":4,"minecraft:cow":2}},"DataVersion":3465}