{"stats":{"minecraft:custom":{"minecraft:mob_kills":16,"minecraft:interact_with_crafting_table":52,"minecraft:open_barrel":9,"minecraft:damage_dealt_resisted":31,"minecraft:leave_game":1,"minecraft:time_since_death":28822,"minecraft:sprint_one_cm":253276,"minecraft:walk_one_cm":615800,"minecraft:drop":60,"minecraft:play_time":203041,"minecraft:deaths":3,"minecraft:sneak_time":9119,"minecraft:walk_under_water_one_cm":14263,"minecraft:jump":2702,"minecraft:walk_on_water_one_cm":9732,"minecraft:total_world_time":203041,"minecraft:interact_with_furnace":29,"minecraft:sleep_in_bed":13,"minecraft:time_since_rest":4985,"minecraft:damage_taken":3063,"minecraft:damage_dealt":2386,"minecraft:fly_one_cm":496806,"minecraft:open_chest":38,"minecraft:crouch_one_cm":32927,"tombstone:undead_killed":2,"minecraft:fall_one_cm":75358},"minecraft:used":{"minecraft:stone_sword":63,"minecraft:stone_shovel":1125,"minecraft:wooden_shovel":194,"autumnity:large_pumpkin_slice":1,"minecraft:stone_hoe":94,"minecraft:cooked_chicken":1,"minecraft:torch":1,"minecraft:dirt":376,"minecraft:mutton":6,"minecraft:glass":54,"minecraft:wooden_axe":103,"minecraft:barrel":2,"delightful:green_tea_leaf":10,"minecraft:beef":1,"minecraft:furnace":3,"ecologics:walnut":8,"tombstone:gift":4,"minecraft:cooked_beef":6,"minecraft:potato":6,"minecraft:pumpkin":1,"minecraft:wheat_seeds":51,"farmersdelight:iron_knife":1,"minecraft:water_bucket":21,"minecraft:stone_pickaxe":122,"minecraft:wooden_pickaxe":11,"biomesoplenty:fir_planks":632,"farmersdelight:pumpkin_slice":14,"minecraft:crafting_table":2,"minecraft:red_bed":1,"minecraft:white_bed":4,"minecraft:pumpkin_seeds":4,"minecraft:wooden_hoe":62,"minecraft:apple":9,"minecraft:cyan_bed":3,"minecraft:bread":12,"minecraft:lectern":1,"minecraft:stone_axe":14,"ecologics:coconut_slice":6,"minecraft:cobblestone":7,"biomesoplenty:fir_door":5,"minecraft:porkchop":2,"minecraft:bucket":21,"quark:oak_chest":1,"alexsmobs:animal_dictionary":1,"minecraft:bone_meal":48},"minecraft:broken":{"minecraft:wooden_shovel":3,"minecraft:stone_pickaxe":1,"minecraft:wooden_axe":1,"minecraft:wooden_hoe":1,"minecraft:stone_shovel":7},"minecraft:picked_up":{"minecraft:crafting_table":1,"minecraft:allium":12,"minecraft:wheat":16,"autumnity:maple_log":15,"minecraft:oak_stairs":4,"minecraft:enchanted_book":4,"minecraft:red_bed":3,"minecraft:string":3,"biomesoplenty:fir_door":2,"ecologics:walnut_sapling":5,"regions_unexplored:pine_log":12,"biomesoplenty:fir_planks":308,"minecraft:beef":6,"minecraft:wooden_shovel":1,"minecraft:lectern":1,"delightful:green_tea_leaf":7,"minecraft:sugar_cane":4,"minecraft:furnace":2,"minecraft:stick":24,"autumnity:maple_planks":12,"ecologics:walnut_log":16,"ecologics:coconut_slice":8,"minecraft:torch":1,"minecraft:porkchop":2,"tombstone:grave_dust":2,"minecraft:stone_shovel":2,"minecraft:rotten_flesh":2,"autumnity:large_pumpkin_slice":4,"minecraft:mutton":6,"minecraft:cod":1,"minecraft:white_wool":11,"minecraft:cobblestone":66,"minecraft:oxeye_daisy":1,"autumnity:red_maple_sapling":4,"ecologics:walnut":8,"minecraft:water_bucket":1,"minecraft:leather":9,"minecraft:potato":3,"biomesoplenty:fir_sapling":50,"biomesoplenty:fir_log":130,"minecraft:oak_log":4,"minecraft:cobblestone_stairs":1,"minecraft:dirt":1713,"minecraft:bone":8,"minecraft:apple":11,"minecraft:wheat_seeds":80,"farmersdelight:pumpkin_slice":16,"minecraft:oak_planks":8,"minecraft:book":76,"minecraft:pumpkin":1,"minecraft:dandelion":2,"minecraft:oak_pressure_plate":1,"minecraft:gravel":3,"minecraft:sand":70,"ecologics:coconut_husk":12,"minecraft:white_bed":3,"minecraft:cyan_bed":3,"quark:oak_chest":1,"autumnity:maple_sapling":10,"minecraft:bread":1,"minecraft:coal":48,"iceandfire:raw_silver":4},"minecraft:crafted":{"minecraft:oak_planks":16,"minecraft:stone_shovel":9,"minecraft:barrel":2,"mowziesmobs:naga_fang_dagger":1,"minecraft:cooked_chicken":1,"minecraft:furnace":1,"minecraft:bone_meal":48,"minecraft:glass":60,"minecraft:bow":1,"biomesoplenty:fir_slab":18,"minecraft:stone_pickaxe":1,"autumnity:maple_planks":60,"minecraft:stone_hoe":2,"minecraft:cooked_beef":6,"minecraft:wooden_shovel":3,"minecraft:crafting_table":1,"farmersdelight:iron_knife":1,"minecraft:wooden_pickaxe":1,"minecraft:stone_axe":1,"minecraft:bread":11,"biomesoplenty:fir_planks":976,"minecraft:wooden_hoe":1,"minecraft:stick":20,"minecraft:iron_ingot":7,"minecraft:wooden_axe":2,"minecraft:white_bed":1,"minecraft:torch":8,"biomesoplenty:fir_door":6},"minecraft:dropped":{"minecraft:enchanted_book":2,"minecraft:water_bucket":1,"minecraft:wheat_seeds":10,"farmersdelight:pumpkin_slice":2,"autumnity:large_pumpkin_slice":2,"minecraft:book":12,"ecologics:walnut_sapling":1,"minecraft:leather":6,"biomesoplenty:fir_sapling":25,"minecraft:cod":1,"minecraft:cobblestone_stairs":1,"minecraft:oxeye_daisy":1,"minecraft:dirt":461,"minecraft:wooden_axe":1,"tombstone:grave_dust":1,"minecraft:string":1,"alexsmobs:raccoon_tail":1,"minecraft:dandelion":2,"minecraft:bone":7,"minecraft:gravel":1,"regions_unexplored:pine_log":12,"minecraft:sugar_cane":4,"alexsmobs:animal_dictionary":2,"minecraft:wheat":2,"minecraft:stone_shovel":3,"minecraft:rotten_flesh":1,"minecraft:oak_planks":2,"autumnity:maple_sapling":5,"minecraft:filled_map":1,"autumnity:red_maple_sapling":4,"biomesoplenty:fir_planks":569,"ecologics:coconut_husk":10,"minecraft:wooden_shovel":1,"minecraft:bow":1},"minecraft:mined":{"minecraft:white_bed":3,"minecraft:farmland":2,"iceandfire:silver_ore":2,"minecraft:cobblestone_stairs":1,"minecraft:allium":12,"minecraft:grass_block":730,"minecraft:oxeye_daisy":1,"minecraft:furnace":2,"minecraft:pumpkin":1,"treechop:chopped_log":4,"biomesoplenty:fir_door":2,"minecraft:stone":66,"minecraft:red_bed":2,"quark:oak_chest":1,"minecraft:dandelion":2,"minecraft:crafting_table":2,"biomesoplenty:fir_planks":60,"minecraft:poppy":1,"minecraft:lectern":1,"minecraft:tall_grass":71,"minecraft:cyan_bed":2,"minecraft:oak_planks":3,"minecraft:sugar_cane":1,"minecraft:wall_torch":1,"farmersdelight:sandy_shrub":1,"minecraft:grass":434,"minecraft:coal_ore":31,"minecraft:oak_log":4,"minecraft:gravel":1,"minecraft:sand":75,"minecraft:dirt":438,"autumnity:large_pumpkin_slice":2},"minecraft:killed":{"alexsmobs:raccoon":1,"minecraft:spider":2,"minecraft:pig":1,"minecraft:sheep":4,"minecraft:zombie":2,"minecraft:cow":3,"mowziesmobs:naga":1}},"DataVersion":3465}