{"stats":{"minecraft:picked_up":{"minecraft:wooden_axe":1,"minecraft:iron_chestplate":1,"minecraft:wheat":198,"securitycraft:reinforced_sand":26,"autumnity:maple_log":19,"minecraft:lead":1,"regions_unexplored:silt_dirt":8,"minecraft:oak_stairs":13,"minecraft:enchanted_book":5,"minecraft:brewing_stand":1,"minecraft:string":39,"minecraft:raw_copper":5,"minecraft:iron_leggings":1,"minecraft:red_sand":1,"regions_unexplored:pine_log":12,"minecraft:cobbled_deepslate":111,"biomesoplenty:fir_planks":341,"comforts:sleeping_bag_white":4,"minecraft:spruce_planks":1,"minecraft:rose_bush":2,"minecraft:wooden_shovel":1,"minecraft:iron_pickaxe":2,"alexsmobs:raccoon_tail":1,"minecraft:melon_slice":28,"delightful:green_tea_leaf":19,"securitycraft:reinforced_redstone_block":1,"minecraft:iron_boots":1,"minecraft:furnace":2,"minecraft:stick":75,"autumnity:maple_planks":13,"ecologics:walnut_log":16,"minecraft:composter":1,"minecraft:oak_fence":4,"minecraft:torch":40,"minecraft:spruce_stairs":2,"minecraft:porkchop":5,"securitycraft:camera_monitor":1,"tombstone:grave_dust":7,"minecraft:diorite":7,"minecraft:yellow_banner":1,"minecraft:stone_sword":2,"minecraft:mangrove_stairs":7,"quark:clear_shard":5,"minecraft:rotten_flesh":10,"supplementaries:ash":12,"autumnity:turkey":1,"minecraft:cod":2,"minecraft:cobblestone":447,"ecologics:walnut":8,"minecraft:feather":6,"minecraft:cooked_beef":2,"minecraft:water_bucket":1,"minecraft:andesite":32,"minecraft:brown_wool":1,"minecraft:potato":3,"biomesoplenty:fir_sapling":127,"biomesoplenty:fir_log":483,"minecraft:flint":4,"minecraft:tuff":5,"delightful:cantaloupe":2,"minecraft:lapis_lazuli":9,"autumnity:carved_large_pumpkin_slice":1,"minecraft:dirt":3104,"minecraft:name_tag":1,"minecraft:bone":23,"delightful:mini_melon":2,"minecraft:wheat_seeds":534,"minecraft:raw_gold":8,"farmersdelight:pumpkin_slice":85,"minecraft:mossy_stone_bricks":1,"minecraft:fletching_table":1,"galosphere:raw_silver":5,"minecraft:powered_rail":1,"minecraft:oak_planks":48,"regions_unexplored:pine_sapling":2,"minecraft:oak_pressure_plate":1,"minecraft:sand":160,"ecologics:coconut_husk":12,"minecraft:stripped_spruce_log":3,"securitycraft:reinforced_stone":55,"minecraft:loom":1,"minecraft:cyan_bed":3,"minecraft:barrel":1,"autumnity:yellow_maple_sapling":7,"minecraft:bundle":1,"minecraft:diamond":3,"autumnity:maple_sapling":10,"minecraft:granite":34,"minecraft:emerald":13,"minecraft:bread":17,"alexsmobs:maggot":2,"minecraft:jack_o_lantern":1,"iceandfire:raw_silver":7,"minecraft:fishing_rod":1,"minecraft:crafting_table":2,"minecraft:allium":13,"securitycraft:redstone_module":2,"minecraft:chicken":1,"ecologics:seashell":1,"more_bows_and_arrows:iron_bow":1,"minecraft:shield":1,"minecraft:cornflower":2,"biomesoplenty:fir_door":5,"minecraft:red_bed":3,"minecraft:iron_axe":1,"minecraft:iron_shovel":2,"ecologics:walnut_sapling":5,"graveyard:corruption":1,"regions_unexplored:silt_podzol":2,"minecraft:cracked_stone_bricks":2,"minecraft:cartography_table":2,"minecraft:beef":14,"valhelsia_structures:doused_torch":2,"minecraft:lectern":2,"minecraft:sugar_cane":11,"minecraft:chest":5,"minecraft:spruce_trapdoor":4,"minecraft:egg":4,"minecraft:raw_iron":197,"iceandfire:dragonbone":27,"securitycraft:reinforced_cobblestone":28,"minecraft:oak_door":2,"ecologics:coconut_slice":18,"minecraft:bowl":1,"minecraft:cookie":3,"minecraft:redstone":22,"minecraft:iron_horse_armor":1,"iceandfire:dragon_skull_ice":3,"minecraft:tnt":1,"minecraft:stone_shovel":2,"minecraft:arrow":29,"minecraft:beetroot_seeds":2,"crittersandcompanions:silk":5,"minecraft:hay_block":5,"minecraft:gold_ingot":5,"minecraft:glistering_melon_slice":21,"autumnity:large_pumpkin_slice":5,"minecraft:mutton":21,"minecraft:rail":40,"minecraft:skeleton_skull":8,"minecraft:white_wool":16,"minecraft:oxeye_daisy":1,"autumnity:red_maple_sapling":4,"minecraft:salmon":2,"minecraft:leather":18,"minecraft:oak_log":119,"regions_unexplored:salmon_poppy_bush":1,"minecraft:gunpowder":6,"minecraft:cobblestone_stairs":1,"quark:limestone":12,"securitycraft:reinforced_glass":17,"minecraft:apple":11,"minecraft:stone_bricks":1,"mowziesmobs:foliaath_seed":2,"minecraft:stone_pickaxe":3,"minecraft:rabbit_hide":2,"securitycraft:security_camera":3,"minecraft:iron_ingot":88,"minecraft:oak_fence_gate":1,"tombstone:tablet_of_guard":2,"securitycraft:universal_block_reinforcer_lvl1":2,"tombstone:bag_of_seeds":2,"minecraft:mangrove_planks":1,"minecraft:book":130,"minecraft:oak_slab":10,"delightful:salmonberry_pips":1,"minecraft:pumpkin":1,"minecraft:stone_brick_slab":2,"minecraft:dandelion":8,"minecraft:gravel":33,"blue_skies:fiery_bean_seeds":4,"minecraft:white_bed":7,"securitycraft:reinforced_iron_block":3,"quark:oak_chest":1,"minecraft:spider_eye":2,"minecraft:pumpkin_seeds":4,"minecraft:iron_helmet":1,"minecraft:gray_wool":1,"tombstone:magic_scroll":1,"minecraft:coal":153,"minecraft:ender_pearl":2},"minecraft:killed":{"minecraft:spider":9,"minecraft:cod":1,"minecraft:skeleton":5,"minecraft:chicken":1,"minecraft:pig":3,"minecraft:salmon":1,"minecraft:sheep":11,"minecraft:trader_llama":2,"tinyskeletons:baby_skeleton":1,"minecraft:zombie":13,"alexsmobs:terrapin":1,"mca:male_villager":1,"alexsmobs:fly":1,"minecraft:cow":6,"mowziesmobs:naga":1,"graveyard:nightmare":1,"alexsmobs:raccoon":2,"crittersandcompanions:otter":1,"autumnity:turkey":1,"iceandfire:ghost":1,"minecraft:enderman":3},"minecraft:custom":{"minecraft:interact_with_crafting_table":168,"minecraft:open_barrel":129,"goblintraders:trade_with_goblin":3,"minecraft:leave_game":20,"minecraft:time_since_death":171895,"minecraft:sprint_one_cm":1303328,"minecraft:damage_blocked_by_shield":1360,"minecraft:drop":174,"minecraft:talked_to_villager":1,"minecraft:play_time":834306,"minecraft:deaths":10,"minecraft:jump":11372,"minecraft:walk_on_water_one_cm":92720,"minecraft:interact_with_furnace":183,"minecraft:interact_with_loom":2,"minecraft:sleep_in_bed":48,"minecraft:damage_dealt":12316,"minecraft:crouch_one_cm":131863,"tombstone:undead_killed":20,"tombstone:villager_killed":1,"minecraft:horse_one_cm":25901,"minecraft:mob_kills":69,"minecraft:damage_dealt_resisted":31,"minecraft:climb_one_cm":10805,"minecraft:walk_one_cm":2170244,"minecraft:sneak_time":36144,"minecraft:walk_under_water_one_cm":82315,"minecraft:total_world_time":834306,"tombstone:raider_killed":1,"minecraft:time_since_rest":10356,"minecraft:damage_taken":10154,"minecraft:trigger_trapped_chest":1,"minecraft:swim_one_cm":101823,"minecraft:fly_one_cm":2235760,"minecraft:open_chest":296,"minecraft:fall_one_cm":229393},"minecraft:crafted":{"minecraft:oak_planks":48,"minecraft:barrel":2,"minecraft:cooked_chicken":1,"minecraft:stone":56,"securitycraft:keypad_item":2,"securitycraft:reinforced_glass_pane":16,"minecraft:heavy_weighted_pressure_plate":2,"connectedglass:borderless_glass":4,"minecraft:cooked_mutton":14,"minecraft:iron_bars":16,"securitycraft:laser_block":1,"minecraft:glass":134,"minecraft:bow":2,"minecraft:iron_boots":1,"minecraft:melon_seeds":1,"biomesoplenty:fir_slab":18,"autumnity:cooked_turkey":1,"autumnity:maple_planks":76,"minecraft:stone_hoe":2,"minecraft:golden_axe":1,"securitycraft:redstone_module":1,"minecraft:wooden_shovel":3,"minecraft:emerald":3,"sophisticatedbackpacks:backpack":2,"minecraft:crafting_table":3,"farmersdelight:iron_knife":1,"securitycraft:reinforced_stone_button":26,"securitycraft:reinforced_glass":26,"minecraft:iron_helmet":1,"minecraft:wooden_pickaxe":1,"biomesoplenty:fir_planks":1687,"minecraft:wooden_hoe":1,"minecraft:iron_chestplate":1,"minecraft:paper":3,"minecraft:stick":48,"quark:oak_chest":3,"minecraft:iron_ingot":195,"securitycraft:security_camera":1,"minecraft:iron_pickaxe":2,"minecraft:iron_block":3,"minecraft:stone_sword":1,"securitycraft:camera_monitor":1,"minecraft:gold_ingot":1,"minecraft:redstone_torch":1,"securitycraft:sc_manual":1,"securitycraft:universal_block_reinforcer_lvl1":1,"biomesoplenty:fir_door":6,"minecraft:stone_shovel":17,"securitycraft:sentry":1,"mowziesmobs:naga_fang_dagger":1,"comforts:sleeping_bag_white":1,"minecraft:furnace":7,"minecraft:stone_button":1,"minecraft:bone_meal":48,"minecraft:glass_pane":16,"minecraft:iron_axe":1,"minecraft:stone_pickaxe":5,"minecraft:redstone_block":1,"minecraft:wheat":18,"minecraft:cooked_beef":14,"securitycraft:portable_radar":1,"securitycraft:reinforced_dispenser":1,"minecraft:cooked_cod":1,"biomesoplenty:fir_boat":1,"minecraft:iron_sword":1,"minecraft:cooked_salmon":2,"minecraft:bucket":1,"minecraft:stone_axe":1,"more_bows_and_arrows:iron_bow":1,"minecraft:bread":55,"minecraft:blue_dye":2,"minecraft:wooden_axe":3,"minecraft:iron_shovel":1,"minecraft:iron_leggings":1,"minecraft:white_bed":2,"minecraft:torch":108},"minecraft:killed_by":{"minecraft:player":1},"minecraft:used":{"minecraft:iron_shovel":375,"iceandfire:dragon_skull_ice":3,"minecraft:chest":3,"minecraft:shield":38,"minecraft:iron_sword":151,"securitycraft:security_camera":4,"autumnity:large_pumpkin_slice":2,"minecraft:mutton":6,"securitycraft:keypad_item":1,"minecraft:tuff":5,"minecraft:glass":75,"securitycraft:camera_monitor":5,"mowziesmobs:naga_fang_dagger":5,"autumnity:maple_planks":19,"biomesoplenty:fir_sapling":23,"minecraft:iron_helmet":1,"minecraft:stone_bricks":1,"delightful:green_tea_leaf":20,"minecraft:hay_block":3,"supplementaries:ash":1,"autumnity:red_maple_sapling":4,"minecraft:furnace":9,"minecraft:cooked_cod":1,"minecraft:beetroot_seeds":2,"minecraft:egg":3,"minecraft:potato":6,"more_bows_and_arrows:iron_bow":16,"minecraft:diorite":2,"minecraft:stone_pickaxe":575,"minecraft:mangrove_planks":1,"minecraft:wooden_pickaxe":11,"biomesoplenty:fir_boat":1,"biomesoplenty:fir_planks":1316,"tombstone:tablet_of_guard":1,"farmersdelight:pumpkin_slice":83,"minecraft:cookie":6,"minecraft:sand":4,"minecraft:loom":1,"minecraft:pumpkin_seeds":32,"minecraft:bread":61,"minecraft:cyan_bed":4,"minecraft:melon_slice":19,"minecraft:lectern":2,"minecraft:gravel":2,"ecologics:coconut_slice":18,"autumnity:cooked_turkey":1,"minecraft:andesite":31,"minecraft:bone_meal":48,"minecraft:oak_fence":1,"minecraft:stone_sword":160,"minecraft:stone_shovel":2167,"minecraft:wooden_shovel":194,"minecraft:cooked_salmon":2,"minecraft:stone_hoe":111,"minecraft:cooked_chicken":1,"minecraft:torch":147,"minecraft:dirt":1299,"minecraft:granite":7,"minecraft:wooden_axe":142,"minecraft:iron_axe":228,"minecraft:melon_seeds":4,"minecraft:barrel":3,"securitycraft:sentry":1,"minecraft:beef":1,"ecologics:walnut":8,"minecraft:golden_axe":35,"tombstone:gift":8,"comforts:sleeping_bag_white":5,"minecraft:cooked_beef":14,"minecraft:cobbled_deepslate":72,"minecraft:pumpkin":1,"minecraft:iron_leggings":1,"farmersdelight:iron_knife":4,"minecraft:cooked_mutton":12,"minecraft:wheat_seeds":127,"minecraft:yellow_banner":1,"minecraft:water_bucket":22,"minecraft:cartography_table":2,"minecraft:cracked_stone_bricks":2,"minecraft:crafting_table":4,"minecraft:red_bed":3,"minecraft:cod":1,"minecraft:white_bed":6,"minecraft:cake":1,"delightful:mini_melon":2,"tombstone:bag_of_seeds":2,"minecraft:wooden_hoe":62,"minecraft:apple":9,"minecraft:iron_pickaxe":500,"tombstone:magic_scroll":7,"minecraft:stone_axe":128,"minecraft:cobblestone":90,"biomesoplenty:fir_door":10,"minecraft:porkchop":5,"minecraft:bucket":22,"quark:oak_chest":3,"alexsmobs:animal_dictionary":1,"delightful:cantaloupe":2},"minecraft:broken":{"minecraft:iron_shovel":1,"minecraft:wooden_shovel":3,"minecraft:stone_pickaxe":4,"minecraft:stone_axe":1,"minecraft:wooden_axe":1,"minecraft:stone_shovel":15,"minecraft:iron_pickaxe":2,"minecraft:wooden_hoe":1},"minecraft:mined":{"minecraft:white_bed":5,"minecraft:spruce_planks":1,"minecraft:farmland":2,"minecraft:cobblestone_stairs":1,"minecraft:brewing_stand":1,"minecraft:spruce_trapdoor":4,"minecraft:granite":19,"minecraft:grass_block":1517,"minecraft:composter":1,"minecraft:oxeye_daisy":1,"minecraft:iron_ore":168,"minecraft:cobbled_deepslate":5,"minecraft:fire":2,"minecraft:pumpkin":1,"minecraft:deepslate_lapis_ore":1,"minecraft:oak_stairs":9,"quark:limestone":12,"regions_unexplored:silt_grass_block":1,"valhelsia_structures:big_glazed_jar":2,"minecraft:deepslate_redstone_ore":6,"valhelsia_structures:glazed_jar":1,"minecraft:red_bed":2,"minecraft:torch":18,"autumnity:red_maple_leaves":1,"delightful:pumpkin_pie":2,"minecraft:poppy":1,"minecraft:melon":4,"minecraft:chest":5,"galosphere:silver_ore":4,"minecraft:glass":3,"minecraft:cobblestone":41,"minecraft:cyan_bed":2,"minecraft:oak_planks":42,"minecraft:sugar_cane":4,"minecraft:wall_torch":9,"mca:cross_headstone":1,"minecraft:skeleton_skull":1,"farmersdelight:sandy_shrub":2,"minecraft:powered_rail":1,"ecologics:seashell":1,"delightful:cantaloupe":2,"minecraft:wheat":29,"biomesoplenty:fir_log":5,"minecraft:grass":511,"minecraft:oak_log":123,"delightful:mini_melon":2,"minecraft:oak_fence_gate":1,"minecraft:loom":1,"minecraft:sand":184,"minecraft:dirt":1042,"regions_unexplored:silt_podzol":1,"minecraft:deepslate":102,"autumnity:large_pumpkin_slice":3,"minecraft:tuff":5,"minecraft:yellow_wall_banner":1,"minecraft:mossy_cobblestone":1,"iceandfire:silver_ore":5,"minecraft:deepslate_diamond_ore":3,"minecraft:jack_o_lantern":1,"minecraft:allium":13,"minecraft:cartography_table":2,"minecraft:hay_block":5,"minecraft:redstone_ore":1,"minecraft:furnace":2,"minecraft:andesite":35,"treechop:chopped_log":8,"biomesoplenty:fir_door":5,"minecraft:bookshelf":18,"minecraft:vine":2,"minecraft:deepslate_iron_ore":32,"minecraft:rail":41,"crittersandcompanions:silk_cocoon":2,"minecraft:stone":385,"minecraft:cake":1,"valhelsia_structures:doused_wall_torch":1,"minecraft:oak_slab":8,"autumnity:carved_large_pumpkin_slice":1,"quark:oak_chest":1,"galosphere:deepslate_silver_ore":1,"minecraft:dandelion":2,"minecraft:oak_fence":4,"minecraft:crafting_table":2,"autumnity:maple_planks":1,"minecraft:cornflower":1,"minecraft:emerald_ore":5,"biomesoplenty:fir_planks":98,"regions_unexplored:silt_dirt":3,"minecraft:lectern":2,"minecraft:tall_grass":83,"minecraft:deepslate_coal_ore":2,"minecraft:deepslate_gold_ore":3,"minecraft:lapis_ore":1,"minecraft:diorite":7,"supplementaries:urn":10,"minecraft:mangrove_planks":1,"minecraft:coal_ore":125,"minecraft:gravel":14,"minecraft:cobweb":11,"minecraft:cracked_stone_bricks":2,"minecraft:stone_bricks":1,"minecraft:mossy_stone_bricks":1,"minecraft:gold_ore":5,"minecraft:fern":2},"minecraft:dropped":{"securitycraft:reinforced_stone_button":10,"minecraft:oak_log":40,"farmersdelight:pumpkin_slice":2,"minecraft:diamond":1,"minecraft:cookie":7,"ecologics:walnut_sapling":1,"minecraft:leather":6,"minecraft:fletching_table":1,"regions_unexplored:silt_podzol":2,"valhelsia_structures:doused_torch":1,"minecraft:emerald":19,"minecraft:cod":1,"minecraft:flint":3,"biomesoplenty:fir_sapling":56,"minecraft:cobblestone_stairs":1,"minecraft:dirt":498,"tombstone:bag_of_seeds":2,"minecraft:stone_button":1,"minecraft:cornflower":2,"minecraft:mangrove_stairs":6,"minecraft:glistering_melon_slice":3,"minecraft:iron_pickaxe":2,"alexsmobs:raccoon_tail":1,"minecraft:bone":9,"minecraft:gravel":15,"minecraft:sugar_cane":4,"alexsmobs:animal_dictionary":2,"minecraft:cobbled_deepslate":12,"minecraft:wheat":3,"minecraft:rotten_flesh":2,"minecraft:oak_planks":14,"autumnity:maple_sapling":5,"minecraft:skeleton_skull":1,"securitycraft:redstone_module":2,"minecraft:beetroot_seeds":2,"ecologics:coconut_husk":10,"minecraft:enchanted_book":2,"minecraft:water_bucket":1,"minecraft:iron_ingot":75,"minecraft:bread":5,"minecraft:wheat_seeds":38,"minecraft:tnt":1,"mowziesmobs:foliaath_seed":2,"autumnity:large_pumpkin_slice":2,"minecraft:feather":2,"tombstone:tablet_of_guard":1,"minecraft:cobblestone":49,"minecraft:book":63,"minecraft:granite":18,"regions_unexplored:pine_sapling":2,"mowziesmobs:naga_fang_dagger":1,"minecraft:mushroom_stew":2,"minecraft:oxeye_daisy":1,"galosphere:raw_silver":4,"minecraft:diorite":5,"regions_unexplored:salmon_poppy_bush":1,"minecraft:wooden_axe":1,"tombstone:grave_dust":5,"securitycraft:sc_manual":1,"minecraft:iron_shovel":1,"minecraft:string":1,"iceandfire:dragonbone":27,"minecraft:stone_brick_slab":1,"minecraft:dandelion":8,"securitycraft:reinforced_stone":29,"regions_unexplored:pine_log":12,"minecraft:stone_sword":1,"minecraft:stone_shovel":3,"farmersdelight:cabbage_seeds":2,"autumnity:yellow_maple_sapling":4,"delightful:salmonberry_pips":1,"minecraft:filled_map":1,"autumnity:red_maple_sapling":4,"biomesoplenty:fir_planks":633,"minecraft:bundle":1,"minecraft:andesite":1,"minecraft:mossy_stone_bricks":1,"minecraft:wooden_shovel":1,"blue_skies:fiery_bean_seeds":4,"minecraft:spider_eye":2,"minecraft:bow":1,"minecraft:red_sand":1,"minecraft:stone_pickaxe":2,"securitycraft:universal_block_reinforcer_lvl1":2,"ecologics:seashell":1,"regions_unexplored:silt_dirt":8,"biomesoplenty:fir_log":15}},"DataVersion":3465}