{"stats":{"minecraft:custom":{"minecraft:time_since_rest":0,"minecraft:interact_with_furnace":2,"minecraft:sprint_one_cm":48076,"minecraft:damage_taken":248,"minecraft:walk_one_cm":97389,"minecraft:mob_kills":5,"minecraft:damage_dealt":410,"minecraft:interact_with_crafting_table":9,"minecraft:fly_one_cm":51269,"minecraft:open_chest":3,"minecraft:crouch_one_cm":1042,"minecraft:play_time":41194,"minecraft:sneak_time":209,"minecraft:walk_under_water_one_cm":1405,"minecraft:jump":357,"minecraft:walk_on_water_one_cm":3472,"minecraft:time_since_death":41194,"minecraft:sleep_in_bed":3,"minecraft:total_world_time":41194,"minecraft:fall_one_cm":11000},"minecraft:used":{"minecraft:wooden_axe":17,"minecraft:stone_shovel":132,"minecraft:stone_pickaxe":17,"minecraft:wooden_pickaxe":11,"biomesoplenty:fir_planks":118,"minecraft:cooked_chicken":1,"minecraft:mutton":6,"biomesoplenty:fir_door":1,"minecraft:crafting_table":1,"minecraft:furnace":1,"minecraft:white_bed":2},"minecraft:picked_up":{"minecraft:stick":18,"minecraft:crafting_table":1,"autumnity:maple_log":4,"minecraft:gravel":1,"biomesoplenty:fir_log":121,"biomesoplenty:fir_sapling":25,"minecraft:oak_log":4,"minecraft:white_bed":1,"minecraft:cobblestone_stairs":1,"minecraft:red_bed":1,"biomesoplenty:fir_door":1,"minecraft:dirt":71,"minecraft:wheat_seeds":12,"autumnity:maple_sapling":5,"biomesoplenty:fir_planks":6,"minecraft:sugar_cane":2,"delightful:green_tea_leaf":6,"minecraft:mutton":6,"minecraft:oak_planks":4,"minecraft:coal":5,"minecraft:white_wool":4,"minecraft:cobblestone":14,"minecraft:furnace":1},"minecraft:crafted":{"biomesoplenty:fir_planks":188,"minecraft:stone_shovel":1,"minecraft:crafting_table":1,"minecraft:cooked_chicken":1,"minecraft:wooden_pickaxe":1,"minecraft:stone_pickaxe":1,"minecraft:wooden_axe":1,"autumnity:maple_planks":16,"minecraft:furnace":1,"minecraft:white_bed":1,"biomesoplenty:fir_door":3},"minecraft:mined":{"minecraft:white_bed":1,"minecraft:furnace":1,"minecraft:red_bed":1,"minecraft:cobblestone_stairs":1,"treechop:chopped_log":2,"minecraft:crafting_table":1,"minecraft:oak_log":4,"minecraft:grass":60,"biomesoplenty:fir_door":1,"minecraft:coal_ore":5,"minecraft:grass_block":47,"biomesoplenty:fir_planks":6,"minecraft:gravel":1,"minecraft:dirt":26,"minecraft:tall_grass":36,"minecraft:stone":15,"minecraft:sugar_cane":1,"minecraft:oak_planks":3},"minecraft:killed":{"minecraft:sheep":4,"alexsmobs:raccoon":1}},"DataVersion":3465}