{"stats":{"minecraft:custom":{"minecraft:interact_with_furnace":2,"minecraft:mob_kills":7,"minecraft:interact_with_crafting_table":9,"minecraft:time_since_death":9938,"minecraft:sleep_in_bed":4,"minecraft:time_since_rest":3930,"minecraft:sprint_one_cm":61830,"minecraft:damage_taken":1048,"minecraft:walk_one_cm":125806,"minecraft:drop":10,"minecraft:damage_dealt":692,"minecraft:fly_one_cm":78425,"minecraft:open_chest":3,"minecraft:play_time":53194,"minecraft:crouch_one_cm":3061,"minecraft:deaths":1,"minecraft:sneak_time":1009,"minecraft:walk_under_water_one_cm":2374,"minecraft:jump":608,"minecraft:walk_on_water_one_cm":3988,"minecraft:total_world_time":53194,"minecraft:fall_one_cm":21282},"minecraft:used":{"minecraft:stone_shovel":132,"minecraft:stone_pickaxe":18,"minecraft:wooden_pickaxe":11,"biomesoplenty:fir_planks":118,"minecraft:cooked_chicken":1,"minecraft:dirt":73,"minecraft:mutton":6,"minecraft:crafting_table":1,"minecraft:white_bed":2,"minecraft:wooden_axe":28,"biomesoplenty:fir_door":1,"minecraft:furnace":1,"minecraft:porkchop":2,"alexsmobs:animal_dictionary":1,"minecraft:potato":6},"minecraft:picked_up":{"minecraft:crafting_table":1,"autumnity:maple_log":4,"minecraft:oak_stairs":2,"minecraft:potato":3,"biomesoplenty:fir_sapling":50,"biomesoplenty:fir_log":121,"minecraft:oak_log":4,"minecraft:cobblestone_stairs":1,"minecraft:dirt":98,"biomesoplenty:fir_door":1,"minecraft:red_bed":1,"minecraft:bone":8,"minecraft:apple":11,"minecraft:wheat_seeds":12,"regions_unexplored:pine_log":12,"biomesoplenty:fir_planks":70,"delightful:green_tea_leaf":6,"minecraft:sugar_cane":2,"minecraft:oak_planks":4,"minecraft:furnace":1,"minecraft:stick":18,"minecraft:gravel":2,"minecraft:porkchop":2,"minecraft:white_bed":2,"minecraft:cyan_bed":1,"autumnity:maple_sapling":5,"minecraft:bread":1,"minecraft:mutton":6,"iceandfire:raw_silver":1,"minecraft:coal":15,"minecraft:white_wool":4,"minecraft:cobblestone":14},"minecraft:crafted":{"minecraft:stone_shovel":1,"minecraft:crafting_table":1,"minecraft:wooden_pickaxe":1,"minecraft:cooked_chicken":1,"minecraft:furnace":1,"biomesoplenty:fir_planks":188,"minecraft:stone_pickaxe":1,"minecraft:wooden_axe":1,"autumnity:maple_planks":16,"minecraft:white_bed":1,"biomesoplenty:fir_door":3},"minecraft:dropped":{"minecraft:gravel":1,"alexsmobs:animal_dictionary":2,"biomesoplenty:fir_sapling":25,"minecraft:cobblestone_stairs":1,"minecraft:filled_map":1,"biomesoplenty:fir_planks":128,"minecraft:wooden_axe":1,"alexsmobs:raccoon_tail":1},"minecraft:mined":{"minecraft:white_bed":2,"iceandfire:silver_ore":1,"minecraft:red_bed":1,"minecraft:cobblestone_stairs":1,"minecraft:crafting_table":1,"minecraft:grass_block":48,"biomesoplenty:fir_planks":6,"minecraft:tall_grass":36,"minecraft:oak_planks":3,"minecraft:sugar_cane":1,"minecraft:furnace":1,"treechop:chopped_log":2,"minecraft:grass":63,"biomesoplenty:fir_door":1,"minecraft:coal_ore":5,"minecraft:oak_log":4,"minecraft:gravel":1,"minecraft:dirt":29,"minecraft:stone":15},"minecraft:killed":{"minecraft:pig":1,"alexsmobs:raccoon":1,"minecraft:sheep":4}},"DataVersion":3465}