{"stats":{"minecraft:custom":{"minecraft:mob_kills":22,"minecraft:interact_with_crafting_table":69,"minecraft:open_barrel":50,"minecraft:damage_dealt_resisted":31,"minecraft:leave_game":2,"minecraft:time_since_death":33918,"minecraft:climb_one_cm":1984,"minecraft:sprint_one_cm":403759,"minecraft:walk_one_cm":997626,"minecraft:damage_blocked_by_shield":170,"minecraft:drop":81,"minecraft:play_time":322828,"minecraft:deaths":4,"minecraft:sneak_time":23330,"minecraft:walk_under_water_one_cm":32625,"minecraft:jump":3871,"minecraft:walk_on_water_one_cm":28205,"minecraft:total_world_time":322828,"minecraft:interact_with_furnace":39,"minecraft:sleep_in_bed":19,"minecraft:time_since_rest":27029,"minecraft:damage_taken":4113,"minecraft:damage_dealt":3360,"minecraft:swim_one_cm":14843,"minecraft:fly_one_cm":709093,"minecraft:open_chest":57,"minecraft:crouch_one_cm":90510,"tombstone:undead_killed":4,"minecraft:fall_one_cm":97874},"minecraft:used":{"minecraft:stone_sword":91,"minecraft:iron_shovel":255,"minecraft:stone_shovel":2126,"minecraft:shield":8,"minecraft:wooden_shovel":194,"autumnity:large_pumpkin_slice":1,"minecraft:stone_hoe":94,"minecraft:cooked_chicken":1,"minecraft:torch":46,"minecraft:dirt":1077,"minecraft:mutton":6,"minecraft:granite":7,"minecraft:glass":56,"minecraft:wooden_axe":103,"biomesoplenty:fir_sapling":23,"autumnity:maple_planks":19,"minecraft:stone_bricks":1,"minecraft:barrel":3,"delightful:green_tea_leaf":19,"minecraft:beef":1,"supplementaries:ash":1,"minecraft:cooked_cod":1,"minecraft:furnace":3,"autumnity:red_maple_sapling":4,"ecologics:walnut":8,"tombstone:gift":4,"minecraft:cooked_beef":6,"minecraft:potato":6,"minecraft:pumpkin":1,"minecraft:wheat_seeds":51,"farmersdelight:iron_knife":3,"minecraft:water_bucket":21,"minecraft:diorite":2,"minecraft:stone_pickaxe":287,"minecraft:wooden_pickaxe":11,"biomesoplenty:fir_planks":1296,"farmersdelight:pumpkin_slice":37,"minecraft:cookie":1,"minecraft:crafting_table":2,"minecraft:red_bed":3,"minecraft:white_bed":4,"minecraft:pumpkin_seeds":4,"minecraft:wooden_hoe":62,"minecraft:apple":9,"minecraft:bread":15,"minecraft:cyan_bed":3,"minecraft:iron_pickaxe":35,"minecraft:lectern":1,"tombstone:magic_scroll":3,"minecraft:stone_axe":106,"ecologics:coconut_slice":10,"minecraft:cobblestone":17,"biomesoplenty:fir_door":10,"minecraft:porkchop":2,"minecraft:bucket":21,"quark:oak_chest":1,"alexsmobs:animal_dictionary":1,"minecraft:bone_meal":48},"minecraft:broken":{"minecraft:iron_shovel":1,"minecraft:wooden_shovel":3,"minecraft:stone_pickaxe":2,"minecraft:wooden_axe":1,"minecraft:wooden_hoe":1,"minecraft:stone_shovel":14},"minecraft:picked_up":{"minecraft:crafting_table":1,"minecraft:allium":12,"minecraft:wheat":24,"autumnity:maple_log":15,"ecologics:seashell":1,"minecraft:oak_stairs":4,"minecraft:enchanted_book":4,"minecraft:shield":1,"minecraft:cornflower":2,"minecraft:red_bed":3,"minecraft:string":12,"biomesoplenty:fir_door":5,"minecraft:iron_shovel":1,"ecologics:walnut_sapling":5,"minecraft:red_sand":1,"regions_unexplored:pine_log":12,"minecraft:cobbled_deepslate":12,"biomesoplenty:fir_planks":318,"minecraft:beef":6,"minecraft:wooden_shovel":1,"alexsmobs:raccoon_tail":1,"minecraft:lectern":1,"minecraft:sugar_cane":4,"delightful:green_tea_leaf":16,"minecraft:furnace":2,"minecraft:stick":61,"minecraft:raw_iron":16,"autumnity:maple_planks":13,"ecologics:walnut_log":16,"ecologics:coconut_slice":8,"minecraft:torch":21,"minecraft:porkchop":2,"tombstone:grave_dust":4,"minecraft:diorite":3,"minecraft:tnt":1,"quark:clear_shard":5,"minecraft:rotten_flesh":2,"minecraft:stone_shovel":2,"minecraft:beetroot_seeds":2,"supplementaries:ash":5,"autumnity:large_pumpkin_slice":4,"minecraft:skeleton_skull":1,"minecraft:mutton":6,"minecraft:rail":40,"minecraft:cod":2,"minecraft:white_wool":11,"minecraft:cobblestone":132,"minecraft:oxeye_daisy":1,"ecologics:walnut":8,"autumnity:red_maple_sapling":4,"minecraft:andesite":1,"minecraft:water_bucket":1,"minecraft:salmon":2,"minecraft:leather":9,"minecraft:potato":3,"biomesoplenty:fir_sapling":100,"biomesoplenty:fir_log":369,"minecraft:oak_log":4,"minecraft:gunpowder":6,"minecraft:cobblestone_stairs":1,"minecraft:lapis_lazuli":9,"minecraft:dirt":2957,"minecraft:bone":14,"minecraft:apple":11,"minecraft:stone_bricks":1,"minecraft:raw_gold":5,"minecraft:wheat_seeds":107,"farmersdelight:pumpkin_slice":51,"minecraft:iron_ingot":2,"minecraft:mossy_stone_bricks":1,"minecraft:fletching_table":1,"minecraft:powered_rail":1,"galosphere:raw_silver":4,"minecraft:oak_planks":14,"minecraft:book":76,"minecraft:pumpkin":1,"minecraft:dandelion":6,"minecraft:oak_pressure_plate":1,"minecraft:gravel":3,"minecraft:sand":70,"ecologics:coconut_husk":12,"minecraft:white_bed":3,"minecraft:barrel":1,"minecraft:cyan_bed":3,"quark:oak_chest":1,"autumnity:maple_sapling":10,"minecraft:granite":7,"minecraft:bread":1,"tombstone:magic_scroll":1,"minecraft:coal":100,"iceandfire:raw_silver":4},"minecraft:crafted":{"minecraft:oak_planks":16,"minecraft:stone_shovel":17,"minecraft:barrel":2,"mowziesmobs:naga_fang_dagger":1,"minecraft:cooked_chicken":1,"minecraft:furnace":1,"minecraft:bone_meal":48,"minecraft:glass":70,"minecraft:bow":1,"biomesoplenty:fir_slab":18,"minecraft:stone_pickaxe":5,"autumnity:maple_planks":60,"minecraft:stone_hoe":2,"minecraft:cooked_beef":6,"minecraft:cooked_cod":1,"minecraft:wooden_shovel":3,"minecraft:crafting_table":1,"farmersdelight:iron_knife":1,"minecraft:wooden_pickaxe":1,"minecraft:cooked_salmon":2,"minecraft:stone_axe":1,"minecraft:bread":14,"biomesoplenty:fir_planks":1687,"minecraft:wooden_hoe":1,"minecraft:stick":20,"minecraft:iron_ingot":7,"minecraft:iron_pickaxe":1,"minecraft:wooden_axe":2,"minecraft:stone_sword":1,"minecraft:white_bed":1,"minecraft:torch":60,"biomesoplenty:fir_door":6},"minecraft:dropped":{"biomesoplenty:fir_log":15,"minecraft:enchanted_book":2,"minecraft:water_bucket":1,"minecraft:wheat_seeds":37,"farmersdelight:pumpkin_slice":2,"autumnity:large_pumpkin_slice":2,"minecraft:cobblestone":6,"minecraft:book":12,"ecologics:walnut_sapling":1,"minecraft:leather":6,"minecraft:fletching_table":1,"biomesoplenty:fir_sapling":52,"minecraft:cod":1,"minecraft:cobblestone_stairs":1,"minecraft:oxeye_daisy":1,"minecraft:dirt":461,"galosphere:raw_silver":4,"minecraft:diorite":1,"minecraft:cornflower":2,"minecraft:wooden_axe":1,"tombstone:grave_dust":1,"minecraft:string":1,"alexsmobs:raccoon_tail":1,"minecraft:dandelion":6,"minecraft:bone":9,"minecraft:gravel":1,"regions_unexplored:pine_log":12,"minecraft:sugar_cane":4,"alexsmobs:animal_dictionary":2,"minecraft:cobbled_deepslate":6,"minecraft:wheat":3,"minecraft:stone_shovel":3,"minecraft:rotten_flesh":1,"minecraft:oak_planks":8,"autumnity:maple_sapling":5,"minecraft:filled_map":1,"autumnity:red_maple_sapling":4,"biomesoplenty:fir_planks":633,"minecraft:andesite":1,"minecraft:beetroot_seeds":2,"minecraft:mossy_stone_bricks":1,"ecologics:coconut_husk":10,"minecraft:wooden_shovel":1,"minecraft:stone_pickaxe":1,"minecraft:red_sand":1,"minecraft:bow":1,"ecologics:seashell":1},"minecraft:mined":{"minecraft:tuff":1,"minecraft:white_bed":3,"minecraft:farmland":2,"iceandfire:silver_ore":2,"minecraft:cobblestone_stairs":1,"minecraft:granite":10,"minecraft:allium":12,"minecraft:grass_block":1431,"minecraft:oxeye_daisy":1,"minecraft:redstone_ore":1,"minecraft:furnace":2,"minecraft:iron_ore":9,"minecraft:fire":2,"minecraft:andesite":1,"minecraft:pumpkin":1,"treechop:chopped_log":6,"minecraft:deepslate_lapis_ore":1,"biomesoplenty:fir_door":5,"minecraft:vine":2,"minecraft:deepslate_iron_ore":7,"minecraft:rail":41,"minecraft:stone":118,"minecraft:red_bed":2,"quark:oak_chest":1,"minecraft:dandelion":2,"minecraft:cornflower":1,"autumnity:maple_planks":1,"minecraft:torch":10,"minecraft:crafting_table":2,"biomesoplenty:fir_planks":72,"minecraft:poppy":1,"minecraft:lectern":1,"galosphere:silver_ore":4,"minecraft:glass":2,"minecraft:tall_grass":75,"minecraft:cobblestone":9,"minecraft:deepslate_coal_ore":2,"minecraft:lapis_ore":1,"minecraft:cyan_bed":2,"minecraft:oak_planks":9,"minecraft:sugar_cane":1,"minecraft:diorite":3,"minecraft:wall_torch":9,"supplementaries:urn":1,"farmersdelight:sandy_shrub":1,"minecraft:powered_rail":1,"ecologics:seashell":1,"biomesoplenty:fir_log":3,"minecraft:grass":465,"minecraft:oak_log":4,"minecraft:coal_ore":71,"minecraft:gravel":1,"minecraft:sand":75,"minecraft:dirt":1002,"minecraft:cobweb":6,"minecraft:stone_bricks":1,"minecraft:mossy_stone_bricks":1,"minecraft:gold_ore":5,"minecraft:deepslate":3,"autumnity:large_pumpkin_slice":2},"minecraft:killed":{"alexsmobs:raccoon":2,"minecraft:spider":3,"minecraft:cod":1,"minecraft:pig":1,"minecraft:salmon":1,"minecraft:sheep":4,"minecraft:zombie":4,"minecraft:cow":3,"mowziesmobs:naga":1}},"DataVersion":3465}