{"stats":{"minecraft:broken":{"minecraft:iron_shovel":1,"minecraft:wooden_shovel":3,"minecraft:stone_pickaxe":2,"minecraft:stone_axe":1,"minecraft:wooden_axe":1,"minecraft:stone_shovel":14,"minecraft:wooden_hoe":1},"minecraft:mined":{"minecraft:white_bed":3,"minecraft:farmland":2,"minecraft:cobblestone_stairs":1,"minecraft:granite":13,"minecraft:grass_block":1435,"minecraft:oxeye_daisy":1,"minecraft:iron_ore":18,"minecraft:fire":2,"minecraft:pumpkin":1,"minecraft:deepslate_lapis_ore":1,"minecraft:oak_stairs":3,"minecraft:red_bed":2,"minecraft:torch":11,"delightful:pumpkin_pie":2,"minecraft:poppy":1,"minecraft:chest":3,"galosphere:silver_ore":4,"minecraft:glass":2,"minecraft:cobblestone":28,"minecraft:sugar_cane":1,"minecraft:cyan_bed":2,"minecraft:oak_planks":9,"minecraft:wall_torch":9,"farmersdelight:sandy_shrub":1,"minecraft:powered_rail":1,"ecologics:seashell":1,"biomesoplenty:fir_log":3,"minecraft:grass":471,"minecraft:oak_log":31,"minecraft:sand":75,"minecraft:dirt":1017,"minecraft:deepslate":28,"autumnity:large_pumpkin_slice":2,"minecraft:tuff":4,"iceandfire:silver_ore":2,"minecraft:allium":12,"minecraft:redstone_ore":1,"minecraft:furnace":2,"minecraft:andesite":5,"treechop:chopped_log":6,"biomesoplenty:fir_door":5,"minecraft:deepslate_iron_ore":7,"minecraft:vine":2,"minecraft:rail":41,"crittersandcompanions:silk_cocoon":1,"minecraft:stone":215,"minecraft:oak_slab":3,"autumnity:carved_large_pumpkin_slice":1,"quark:oak_chest":1,"minecraft:dandelion":2,"autumnity:maple_planks":1,"minecraft:crafting_table":2,"minecraft:cornflower":1,"biomesoplenty:fir_planks":79,"minecraft:lectern":1,"minecraft:tall_grass":75,"minecraft:deepslate_coal_ore":2,"minecraft:lapis_ore":1,"minecraft:deepslate_gold_ore":3,"minecraft:diorite":7,"supplementaries:urn":6,"minecraft:coal_ore":95,"minecraft:gravel":1,"minecraft:cobweb":10,"minecraft:cracked_stone_bricks":1,"minecraft:stone_bricks":1,"minecraft:mossy_stone_bricks":1,"minecraft:gold_ore":5},"minecraft:picked_up":{"minecraft:wheat":33,"autumnity:maple_log":15,"minecraft:oak_stairs":7,"minecraft:enchanted_book":4,"minecraft:string":31,"minecraft:red_sand":1,"regions_unexplored:pine_log":12,"minecraft:cobbled_deepslate":28,"biomesoplenty:fir_planks":324,"minecraft:wooden_shovel":1,"alexsmobs:raccoon_tail":1,"delightful:green_tea_leaf":16,"minecraft:furnace":2,"minecraft:stick":61,"autumnity:maple_planks":13,"ecologics:walnut_log":16,"minecraft:torch":23,"minecraft:porkchop":2,"tombstone:grave_dust":4,"minecraft:diorite":7,"minecraft:stone_sword":1,"quark:clear_shard":5,"minecraft:rotten_flesh":2,"supplementaries:ash":12,"minecraft:cod":2,"minecraft:cobblestone":255,"ecologics:walnut":8,"minecraft:feather":2,"minecraft:water_bucket":1,"minecraft:andesite":5,"minecraft:potato":3,"biomesoplenty:fir_sapling":104,"biomesoplenty:fir_log":369,"minecraft:tuff":3,"minecraft:dirt":2976,"minecraft:lapis_lazuli":9,"autumnity:carved_large_pumpkin_slice":1,"minecraft:bone":17,"minecraft:wheat_seeds":126,"minecraft:raw_gold":8,"farmersdelight:pumpkin_slice":51,"minecraft:mossy_stone_bricks":1,"minecraft:fletching_table":1,"minecraft:powered_rail":1,"galosphere:raw_silver":4,"minecraft:oak_planks":14,"regions_unexplored:pine_sapling":2,"minecraft:oak_pressure_plate":1,"minecraft:sand":70,"ecologics:coconut_husk":12,"minecraft:cyan_bed":3,"minecraft:barrel":1,"autumnity:maple_sapling":10,"minecraft:granite":10,"minecraft:bread":1,"minecraft:emerald":3,"iceandfire:raw_silver":4,"minecraft:crafting_table":1,"minecraft:allium":12,"ecologics:seashell":1,"minecraft:shield":1,"minecraft:cornflower":2,"minecraft:red_bed":3,"biomesoplenty:fir_door":5,"minecraft:iron_shovel":1,"ecologics:walnut_sapling":5,"minecraft:cracked_stone_bricks":1,"minecraft:beef":6,"minecraft:lectern":1,"minecraft:sugar_cane":4,"minecraft:chest":3,"minecraft:raw_iron":25,"ecologics:coconut_slice":8,"minecraft:bowl":1,"minecraft:cookie":3,"minecraft:tnt":1,"minecraft:arrow":6,"minecraft:stone_shovel":2,"minecraft:beetroot_seeds":2,"crittersandcompanions:silk":5,"minecraft:gold_ingot":5,"autumnity:large_pumpkin_slice":4,"minecraft:mutton":6,"minecraft:rail":40,"minecraft:skeleton_skull":1,"minecraft:white_wool":11,"minecraft:oxeye_daisy":1,"autumnity:red_maple_sapling":4,"minecraft:salmon":2,"minecraft:leather":9,"minecraft:oak_log":29,"minecraft:gunpowder":6,"regions_unexplored:salmon_poppy_bush":1,"minecraft:cobblestone_stairs":1,"minecraft:apple":11,"minecraft:stone_bricks":1,"minecraft:rabbit_hide":2,"minecraft:iron_ingot":2,"tombstone:tablet_of_guard":2,"minecraft:book":76,"minecraft:oak_slab":5,"minecraft:pumpkin":1,"minecraft:dandelion":6,"minecraft:gravel":3,"minecraft:white_bed":3,"quark:oak_chest":1,"minecraft:spider_eye":1,"minecraft:pumpkin_seeds":4,"tombstone:magic_scroll":1,"minecraft:coal":125},"minecraft:used":{"minecraft:iron_shovel":255,"minecraft:chest":3,"minecraft:shield":11,"minecraft:iron_sword":2,"autumnity:large_pumpkin_slice":2,"minecraft:mutton":6,"minecraft:tuff":3,"minecraft:glass":62,"mowziesmobs:naga_fang_dagger":3,"biomesoplenty:fir_sapling":23,"autumnity:maple_planks":19,"minecraft:iron_helmet":1,"minecraft:stone_bricks":1,"delightful:green_tea_leaf":19,"supplementaries:ash":1,"minecraft:furnace":3,"minecraft:cooked_cod":1,"autumnity:red_maple_sapling":4,"minecraft:beetroot_seeds":2,"minecraft:potato":6,"more_bows_and_arrows:iron_bow":1,"minecraft:diorite":2,"minecraft:stone_pickaxe":431,"minecraft:wooden_pickaxe":11,"biomesoplenty:fir_planks":1298,"tombstone:tablet_of_guard":1,"farmersdelight:pumpkin_slice":49,"minecraft:cookie":6,"minecraft:pumpkin_seeds":32,"minecraft:cyan_bed":3,"minecraft:bread":17,"minecraft:lectern":1,"ecologics:coconut_slice":10,"minecraft:bone_meal":48,"minecraft:stone_sword":118,"minecraft:stone_shovel":2126,"minecraft:wooden_shovel":194,"minecraft:cooked_salmon":2,"minecraft:stone_hoe":94,"minecraft:cooked_chicken":1,"minecraft:torch":126,"minecraft:dirt":1083,"minecraft:granite":7,"minecraft:wooden_axe":122,"minecraft:iron_axe":3,"minecraft:barrel":3,"minecraft:melon_seeds":3,"minecraft:beef":1,"ecologics:walnut":8,"tombstone:gift":4,"minecraft:cooked_beef":6,"minecraft:cobbled_deepslate":10,"minecraft:pumpkin":1,"minecraft:iron_leggings":1,"minecraft:wheat_seeds":71,"farmersdelight:iron_knife":4,"minecraft:water_bucket":21,"minecraft:cracked_stone_bricks":1,"minecraft:crafting_table":3,"minecraft:red_bed":3,"minecraft:cod":1,"minecraft:white_bed":4,"minecraft:wooden_hoe":62,"minecraft:apple":9,"minecraft:iron_pickaxe":90,"tombstone:magic_scroll":7,"minecraft:stone_axe":128,"minecraft:cobblestone":30,"biomesoplenty:fir_door":10,"minecraft:porkchop":2,"minecraft:bucket":21,"quark:oak_chest":1,"alexsmobs:animal_dictionary":1},"minecraft:dropped":{"biomesoplenty:fir_log":15,"farmersdelight:pumpkin_slice":2,"minecraft:cookie":7,"ecologics:walnut_sapling":1,"minecraft:leather":6,"minecraft:fletching_table":1,"biomesoplenty:fir_sapling":56,"minecraft:cod":1,"minecraft:cobblestone_stairs":1,"minecraft:emerald":3,"minecraft:dirt":474,"minecraft:cornflower":2,"alexsmobs:raccoon_tail":1,"minecraft:bone":9,"minecraft:gravel":1,"minecraft:sugar_cane":4,"alexsmobs:animal_dictionary":2,"minecraft:cobbled_deepslate":12,"minecraft:wheat":3,"minecraft:rotten_flesh":1,"minecraft:oak_planks":8,"autumnity:maple_sapling":5,"minecraft:beetroot_seeds":2,"ecologics:coconut_husk":10,"minecraft:water_bucket":1,"minecraft:enchanted_book":2,"minecraft:bread":1,"minecraft:wheat_seeds":37,"minecraft:tnt":1,"autumnity:large_pumpkin_slice":2,"minecraft:feather":2,"minecraft:book":12,"minecraft:cobblestone":6,"tombstone:tablet_of_guard":1,"regions_unexplored:pine_sapling":2,"minecraft:mushroom_stew":2,"minecraft:oxeye_daisy":1,"galosphere:raw_silver":4,"minecraft:diorite":1,"regions_unexplored:salmon_poppy_bush":1,"minecraft:wooden_axe":1,"tombstone:grave_dust":3,"minecraft:string":1,"minecraft:dandelion":6,"regions_unexplored:pine_log":12,"minecraft:stone_sword":1,"farmersdelight:cabbage_seeds":2,"minecraft:stone_shovel":3,"minecraft:filled_map":1,"autumnity:red_maple_sapling":4,"biomesoplenty:fir_planks":633,"minecraft:andesite":1,"minecraft:mossy_stone_bricks":1,"minecraft:wooden_shovel":1,"minecraft:spider_eye":1,"minecraft:red_sand":1,"minecraft:bow":1,"minecraft:stone_pickaxe":1,"ecologics:seashell":1},"minecraft:custom":{"minecraft:interact_with_crafting_table":90,"minecraft:open_barrel":74,"minecraft:leave_game":4,"minecraft:time_since_death":34214,"minecraft:sprint_one_cm":606543,"minecraft:damage_blocked_by_shield":210,"minecraft:drop":101,"minecraft:play_time":403243,"minecraft:deaths":7,"minecraft:jump":5143,"minecraft:walk_on_water_one_cm":50554,"minecraft:interact_with_furnace":52,"minecraft:sleep_in_bed":24,"minecraft:damage_dealt":4124,"minecraft:crouch_one_cm":98452,"tombstone:undead_killed":4,"minecraft:mob_kills":26,"minecraft:damage_dealt_resisted":31,"minecraft:climb_one_cm":6908,"minecraft:walk_one_cm":1188585,"minecraft:sneak_time":25802,"minecraft:walk_under_water_one_cm":48884,"minecraft:total_world_time":403243,"minecraft:time_since_rest":20551,"minecraft:damage_taken":5593,"minecraft:swim_one_cm":33478,"minecraft:fly_one_cm":953774,"minecraft:open_chest":95,"minecraft:fall_one_cm":123981},"minecraft:killed":{"minecraft:spider":5,"minecraft:cod":1,"minecraft:pig":1,"minecraft:salmon":1,"minecraft:sheep":4,"minecraft:zombie":4,"alexsmobs:terrapin":1,"minecraft:cow":3,"mowziesmobs:naga":1,"alexsmobs:raccoon":2,"crittersandcompanions:otter":1},"minecraft:crafted":{"minecraft:oak_planks":24,"minecraft:barrel":2,"minecraft:cooked_chicken":1,"minecraft:glass":70,"minecraft:bow":1,"minecraft:iron_boots":1,"biomesoplenty:fir_slab":18,"autumnity:maple_planks":60,"minecraft:stone_hoe":2,"minecraft:wooden_shovel":3,"minecraft:crafting_table":2,"farmersdelight:iron_knife":1,"minecraft:wooden_pickaxe":1,"minecraft:iron_helmet":1,"biomesoplenty:fir_planks":1687,"minecraft:wooden_hoe":1,"minecraft:iron_chestplate":1,"minecraft:stick":28,"quark:oak_chest":1,"minecraft:iron_ingot":17,"minecraft:iron_pickaxe":1,"minecraft:stone_sword":1,"minecraft:gold_ingot":1,"biomesoplenty:fir_door":6,"minecraft:stone_shovel":17,"mowziesmobs:naga_fang_dagger":1,"minecraft:furnace":1,"minecraft:bone_meal":48,"minecraft:iron_axe":1,"minecraft:stone_pickaxe":5,"minecraft:cooked_beef":6,"minecraft:cooked_cod":1,"minecraft:iron_sword":1,"minecraft:cooked_salmon":2,"minecraft:stone_axe":1,"more_bows_and_arrows:iron_bow":1,"minecraft:bread":17,"minecraft:wooden_axe":3,"minecraft:iron_leggings":1,"minecraft:white_bed":1,"minecraft:torch":108}},"DataVersion":3465}