{"stats":{"minecraft:custom":{"minecraft:interact_with_furnace":14,"minecraft:mob_kills":15,"minecraft:interact_with_crafting_table":31,"minecraft:damage_dealt_resisted":31,"minecraft:leave_game":1,"minecraft:time_since_death":73897,"minecraft:sleep_in_bed":9,"minecraft:time_since_rest":10932,"minecraft:sprint_one_cm":190539,"minecraft:damage_taken":2413,"minecraft:walk_one_cm":403514,"minecraft:drop":25,"minecraft:damage_dealt":2125,"minecraft:fly_one_cm":355453,"minecraft:open_chest":18,"minecraft:crouch_one_cm":28766,"minecraft:play_time":143041,"tombstone:undead_killed":2,"minecraft:deaths":2,"minecraft:sneak_time":8260,"minecraft:walk_under_water_one_cm":14263,"minecraft:jump":1975,"minecraft:walk_on_water_one_cm":9690,"minecraft:total_world_time":143041,"minecraft:fall_one_cm":56934},"minecraft:used":{"minecraft:wheat_seeds":23,"minecraft:water_bucket":21,"minecraft:stone_sword":40,"minecraft:stone_shovel":795,"minecraft:stone_pickaxe":73,"minecraft:wooden_pickaxe":11,"biomesoplenty:fir_planks":479,"minecraft:wooden_shovel":194,"minecraft:stone_hoe":2,"minecraft:cooked_chicken":1,"minecraft:dirt":375,"minecraft:mutton":6,"minecraft:crafting_table":2,"minecraft:red_bed":1,"minecraft:white_bed":3,"minecraft:pumpkin_seeds":4,"minecraft:wooden_axe":103,"minecraft:wooden_hoe":62,"minecraft:apple":9,"minecraft:bread":8,"minecraft:cyan_bed":1,"ecologics:coconut_slice":2,"delightful:green_tea_leaf":7,"biomesoplenty:fir_door":1,"minecraft:beef":1,"minecraft:furnace":2,"minecraft:porkchop":2,"ecologics:walnut":8,"minecraft:bucket":21,"tombstone:gift":2,"alexsmobs:animal_dictionary":1,"minecraft:cooked_beef":6,"minecraft:potato":6},"minecraft:broken":{"minecraft:wooden_shovel":3,"minecraft:wooden_axe":1,"minecraft:wooden_hoe":1,"minecraft:stone_shovel":5},"minecraft:picked_up":{"minecraft:allium":5,"minecraft:crafting_table":1,"ecologics:walnut":8,"minecraft:water_bucket":1,"autumnity:maple_log":4,"minecraft:leather":2,"minecraft:oak_stairs":2,"minecraft:potato":3,"biomesoplenty:fir_sapling":50,"biomesoplenty:fir_log":130,"minecraft:oak_log":4,"minecraft:cobblestone_stairs":1,"biomesoplenty:fir_door":1,"minecraft:string":2,"minecraft:dirt":867,"minecraft:red_bed":2,"minecraft:bone":8,"ecologics:walnut_sapling":5,"minecraft:apple":11,"minecraft:wheat_seeds":45,"regions_unexplored:pine_log":12,"biomesoplenty:fir_planks":111,"minecraft:beef":6,"minecraft:wooden_shovel":1,"minecraft:sugar_cane":2,"delightful:green_tea_leaf":7,"minecraft:oak_planks":4,"minecraft:furnace":1,"minecraft:stick":24,"ecologics:walnut_log":8,"ecologics:coconut_slice":2,"minecraft:dandelion":1,"minecraft:gravel":2,"minecraft:porkchop":2,"minecraft:sand":6,"ecologics:coconut_husk":4,"minecraft:white_bed":2,"minecraft:cyan_bed":1,"minecraft:rotten_flesh":1,"autumnity:maple_sapling":5,"minecraft:bread":1,"iceandfire:raw_silver":2,"minecraft:mutton":6,"minecraft:coal":23,"minecraft:white_wool":4,"minecraft:cobblestone":36},"minecraft:crafted":{"minecraft:cooked_beef":6,"minecraft:oak_planks":16,"minecraft:wooden_shovel":3,"minecraft:stone_shovel":6,"minecraft:crafting_table":1,"minecraft:cooked_chicken":1,"minecraft:wooden_pickaxe":1,"minecraft:furnace":1,"minecraft:bread":7,"biomesoplenty:fir_planks":976,"minecraft:wooden_hoe":1,"minecraft:bow":1,"minecraft:stick":16,"minecraft:stone_pickaxe":1,"minecraft:wooden_axe":2,"autumnity:maple_planks":16,"minecraft:white_bed":1,"minecraft:stone_hoe":2,"biomesoplenty:fir_door":3},"minecraft:dropped":{"minecraft:water_bucket":1,"minecraft:gravel":1,"regions_unexplored:pine_log":12,"minecraft:sugar_cane":2,"minecraft:wheat_seeds":10,"alexsmobs:animal_dictionary":2,"minecraft:stone_shovel":1,"ecologics:walnut_sapling":1,"biomesoplenty:fir_sapling":25,"minecraft:cobblestone_stairs":1,"minecraft:filled_map":1,"minecraft:dirt":19,"biomesoplenty:fir_planks":383,"minecraft:wooden_axe":1,"ecologics:coconut_husk":4,"minecraft:wooden_shovel":1,"minecraft:bow":1,"alexsmobs:raccoon_tail":1},"minecraft:mined":{"minecraft:farmland":2,"minecraft:white_bed":2,"iceandfire:silver_ore":2,"minecraft:red_bed":2,"minecraft:cobblestone_stairs":1,"minecraft:dandelion":1,"minecraft:crafting_table":1,"minecraft:allium":5,"minecraft:grass_block":614,"biomesoplenty:fir_planks":48,"minecraft:tall_grass":53,"minecraft:sugar_cane":1,"minecraft:oak_planks":3,"minecraft:furnace":1,"treechop:chopped_log":4,"minecraft:grass":253,"minecraft:oak_log":4,"biomesoplenty:fir_door":1,"minecraft:coal_ore":13,"minecraft:gravel":1,"minecraft:sand":7,"minecraft:dirt":290,"minecraft:stone":36},"minecraft:killed":{"minecraft:pig":1,"alexsmobs:raccoon":1,"minecraft:spider":2,"minecraft:sheep":4,"minecraft:zombie":2,"minecraft:cow":3}},"DataVersion":3465}