{"stats":{"minecraft:custom":{"minecraft:mob_kills":16,"minecraft:interact_with_crafting_table":46,"minecraft:damage_dealt_resisted":31,"minecraft:leave_game":1,"minecraft:time_since_death":4822,"minecraft:sprint_one_cm":221865,"minecraft:walk_one_cm":552457,"minecraft:drop":33,"minecraft:play_time":179041,"minecraft:deaths":3,"minecraft:sneak_time":9080,"minecraft:walk_under_water_one_cm":14263,"minecraft:jump":2478,"minecraft:walk_on_water_one_cm":9732,"minecraft:total_world_time":179041,"minecraft:interact_with_furnace":18,"minecraft:sleep_in_bed":11,"minecraft:time_since_rest":3663,"minecraft:damage_taken":3023,"minecraft:damage_dealt":2386,"minecraft:fly_one_cm":440923,"minecraft:open_chest":28,"minecraft:crouch_one_cm":32800,"tombstone:undead_killed":2,"minecraft:fall_one_cm":73477},"minecraft:used":{"minecraft:stone_sword":63,"minecraft:stone_shovel":927,"minecraft:wooden_shovel":194,"autumnity:large_pumpkin_slice":1,"minecraft:stone_hoe":94,"minecraft:cooked_chicken":1,"minecraft:dirt":375,"minecraft:mutton":6,"minecraft:glass":4,"minecraft:wooden_axe":103,"delightful:green_tea_leaf":10,"minecraft:beef":1,"minecraft:furnace":2,"ecologics:walnut":8,"tombstone:gift":4,"minecraft:cooked_beef":6,"minecraft:potato":6,"minecraft:pumpkin":1,"minecraft:wheat_seeds":51,"farmersdelight:iron_knife":1,"minecraft:water_bucket":21,"minecraft:stone_pickaxe":90,"minecraft:wooden_pickaxe":11,"biomesoplenty:fir_planks":610,"farmersdelight:pumpkin_slice":14,"minecraft:crafting_table":2,"minecraft:red_bed":1,"minecraft:white_bed":3,"minecraft:pumpkin_seeds":4,"minecraft:wooden_hoe":62,"minecraft:apple":9,"minecraft:cyan_bed":1,"minecraft:bread":11,"ecologics:coconut_slice":2,"biomesoplenty:fir_door":1,"minecraft:porkchop":2,"minecraft:bucket":21,"alexsmobs:animal_dictionary":1,"minecraft:bone_meal":48},"minecraft:broken":{"minecraft:wooden_shovel":3,"minecraft:wooden_axe":1,"minecraft:wooden_hoe":1,"minecraft:stone_shovel":6},"minecraft:picked_up":{"minecraft:crafting_table":1,"minecraft:allium":12,"minecraft:wheat":12,"autumnity:maple_log":4,"minecraft:oak_stairs":2,"minecraft:enchanted_book":1,"minecraft:red_bed":2,"minecraft:string":3,"biomesoplenty:fir_door":1,"ecologics:walnut_sapling":5,"regions_unexplored:pine_log":12,"biomesoplenty:fir_planks":111,"minecraft:beef":6,"minecraft:wooden_shovel":1,"delightful:green_tea_leaf":7,"minecraft:sugar_cane":2,"minecraft:furnace":1,"minecraft:stick":24,"ecologics:walnut_log":8,"ecologics:coconut_slice":8,"minecraft:porkchop":2,"minecraft:stone_shovel":1,"minecraft:rotten_flesh":1,"autumnity:large_pumpkin_slice":2,"minecraft:mutton":6,"minecraft:white_wool":4,"minecraft:cobblestone":37,"minecraft:oxeye_daisy":1,"ecologics:walnut":8,"minecraft:water_bucket":1,"minecraft:leather":2,"minecraft:potato":3,"biomesoplenty:fir_sapling":50,"biomesoplenty:fir_log":130,"minecraft:oak_log":4,"minecraft:cobblestone_stairs":1,"minecraft:dirt":908,"minecraft:bone":8,"minecraft:apple":11,"minecraft:wheat_seeds":79,"farmersdelight:pumpkin_slice":16,"minecraft:oak_planks":4,"minecraft:pumpkin":1,"minecraft:dandelion":2,"minecraft:gravel":2,"minecraft:sand":70,"ecologics:coconut_husk":4,"minecraft:white_bed":2,"minecraft:cyan_bed":1,"autumnity:maple_sapling":5,"minecraft:bread":1,"minecraft:coal":39,"iceandfire:raw_silver":2},"minecraft:crafted":{"minecraft:oak_planks":16,"minecraft:stone_shovel":8,"mowziesmobs:naga_fang_dagger":1,"minecraft:cooked_chicken":1,"minecraft:furnace":1,"minecraft:bone_meal":48,"minecraft:glass":4,"minecraft:bow":1,"minecraft:stone_pickaxe":1,"autumnity:maple_planks":16,"minecraft:stone_hoe":2,"minecraft:cooked_beef":6,"minecraft:wooden_shovel":3,"minecraft:crafting_table":1,"farmersdelight:iron_knife":1,"minecraft:wooden_pickaxe":1,"minecraft:bread":11,"biomesoplenty:fir_planks":976,"minecraft:wooden_hoe":1,"minecraft:stick":16,"minecraft:iron_ingot":7,"minecraft:wooden_axe":2,"minecraft:white_bed":1,"biomesoplenty:fir_door":3},"minecraft:dropped":{"minecraft:water_bucket":1,"minecraft:wheat_seeds":10,"farmersdelight:pumpkin_slice":2,"ecologics:walnut_sapling":1,"biomesoplenty:fir_sapling":25,"minecraft:cobblestone_stairs":1,"minecraft:oxeye_daisy":1,"minecraft:dirt":19,"minecraft:wooden_axe":1,"minecraft:string":1,"alexsmobs:raccoon_tail":1,"minecraft:dandelion":2,"minecraft:bone":7,"minecraft:gravel":1,"regions_unexplored:pine_log":12,"minecraft:sugar_cane":2,"alexsmobs:animal_dictionary":2,"minecraft:stone_shovel":3,"minecraft:filled_map":1,"biomesoplenty:fir_planks":383,"ecologics:coconut_husk":6,"minecraft:wooden_shovel":1,"minecraft:bow":1},"minecraft:mined":{"minecraft:white_bed":2,"minecraft:farmland":2,"iceandfire:silver_ore":2,"minecraft:cobblestone_stairs":1,"minecraft:allium":12,"minecraft:grass_block":650,"minecraft:oxeye_daisy":1,"minecraft:furnace":1,"minecraft:pumpkin":1,"treechop:chopped_log":4,"biomesoplenty:fir_door":1,"minecraft:stone":37,"minecraft:red_bed":2,"minecraft:dandelion":2,"minecraft:crafting_table":1,"biomesoplenty:fir_planks":48,"minecraft:poppy":1,"minecraft:tall_grass":71,"minecraft:oak_planks":3,"minecraft:sugar_cane":1,"farmersdelight:sandy_shrub":1,"minecraft:grass":434,"minecraft:coal_ore":29,"minecraft:oak_log":4,"minecraft:gravel":1,"minecraft:sand":75,"minecraft:dirt":318,"autumnity:large_pumpkin_slice":2},"minecraft:killed":{"alexsmobs:raccoon":1,"minecraft:spider":2,"minecraft:pig":1,"minecraft:sheep":4,"minecraft:zombie":2,"minecraft:cow":3,"mowziesmobs:naga":1}},"DataVersion":3465}