{"stats":{"minecraft:broken":{"minecraft:iron_shovel":1,"minecraft:wooden_shovel":3,"minecraft:stone_pickaxe":2,"minecraft:wooden_axe":1,"minecraft:wooden_hoe":1,"minecraft:stone_shovel":14},"minecraft:used":{"minecraft:stone_sword":109,"minecraft:iron_shovel":255,"minecraft:stone_shovel":2126,"minecraft:shield":9,"minecraft:cooked_chicken":1,"minecraft:cooked_salmon":2,"minecraft:wooden_shovel":194,"autumnity:large_pumpkin_slice":1,"minecraft:stone_hoe":94,"minecraft:torch":126,"minecraft:dirt":1083,"minecraft:mutton":6,"minecraft:tuff":3,"minecraft:granite":7,"minecraft:glass":56,"minecraft:wooden_axe":103,"biomesoplenty:fir_sapling":23,"autumnity:maple_planks":19,"minecraft:barrel":3,"minecraft:stone_bricks":1,"delightful:green_tea_leaf":19,"minecraft:beef":1,"supplementaries:ash":1,"autumnity:red_maple_sapling":4,"minecraft:furnace":3,"minecraft:cooked_cod":1,"ecologics:walnut":8,"tombstone:gift":4,"minecraft:cooked_beef":6,"minecraft:potato":6,"minecraft:cobbled_deepslate":10,"minecraft:pumpkin":1,"minecraft:wheat_seeds":51,"farmersdelight:iron_knife":3,"minecraft:water_bucket":21,"minecraft:diorite":2,"minecraft:stone_pickaxe":311,"minecraft:wooden_pickaxe":11,"biomesoplenty:fir_planks":1296,"tombstone:tablet_of_guard":1,"farmersdelight:pumpkin_slice":43,"minecraft:cracked_stone_bricks":1,"minecraft:cookie":1,"minecraft:crafting_table":2,"minecraft:red_bed":3,"minecraft:white_bed":4,"minecraft:pumpkin_seeds":4,"minecraft:wooden_hoe":62,"minecraft:apple":9,"minecraft:bread":15,"minecraft:cyan_bed":3,"minecraft:iron_pickaxe":47,"minecraft:lectern":1,"tombstone:magic_scroll":7,"minecraft:stone_axe":111,"ecologics:coconut_slice":10,"minecraft:cobblestone":17,"biomesoplenty:fir_door":10,"minecraft:porkchop":2,"minecraft:bucket":21,"quark:oak_chest":1,"alexsmobs:animal_dictionary":1,"minecraft:bone_meal":48},"minecraft:mined":{"minecraft:tuff":4,"minecraft:white_bed":3,"minecraft:farmland":2,"iceandfire:silver_ore":2,"minecraft:cobblestone_stairs":1,"minecraft:granite":10,"minecraft:allium":12,"minecraft:grass_block":1435,"minecraft:oxeye_daisy":1,"minecraft:redstone_ore":1,"minecraft:furnace":2,"minecraft:iron_ore":9,"minecraft:fire":2,"minecraft:andesite":1,"minecraft:pumpkin":1,"treechop:chopped_log":6,"minecraft:deepslate_lapis_ore":1,"biomesoplenty:fir_door":5,"minecraft:vine":2,"minecraft:deepslate_iron_ore":7,"minecraft:rail":41,"minecraft:stone":118,"minecraft:red_bed":2,"quark:oak_chest":1,"minecraft:dandelion":2,"minecraft:crafting_table":2,"autumnity:maple_planks":1,"minecraft:cornflower":1,"minecraft:torch":11,"biomesoplenty:fir_planks":77,"minecraft:poppy":1,"minecraft:lectern":1,"galosphere:silver_ore":4,"minecraft:cobblestone":9,"minecraft:glass":2,"minecraft:tall_grass":75,"minecraft:deepslate_coal_ore":2,"minecraft:deepslate_gold_ore":3,"minecraft:lapis_ore":1,"minecraft:cyan_bed":2,"minecraft:oak_planks":9,"minecraft:sugar_cane":1,"minecraft:diorite":3,"minecraft:wall_torch":9,"supplementaries:urn":6,"farmersdelight:sandy_shrub":1,"minecraft:powered_rail":1,"ecologics:seashell":1,"biomesoplenty:fir_log":3,"minecraft:grass":470,"minecraft:oak_log":4,"minecraft:coal_ore":71,"minecraft:gravel":1,"minecraft:sand":75,"minecraft:dirt":1011,"minecraft:cobweb":7,"minecraft:cracked_stone_bricks":1,"minecraft:stone_bricks":1,"minecraft:mossy_stone_bricks":1,"minecraft:gold_ore":5,"minecraft:deepslate":28,"autumnity:large_pumpkin_slice":2},"minecraft:dropped":{"biomesoplenty:fir_log":15,"minecraft:enchanted_book":2,"minecraft:water_bucket":1,"minecraft:wheat_seeds":37,"farmersdelight:pumpkin_slice":2,"autumnity:large_pumpkin_slice":2,"tombstone:tablet_of_guard":1,"minecraft:cobblestone":6,"minecraft:book":12,"ecologics:walnut_sapling":1,"minecraft:leather":6,"minecraft:fletching_table":1,"biomesoplenty:fir_sapling":52,"minecraft:cod":1,"minecraft:cobblestone_stairs":1,"minecraft:oxeye_daisy":1,"minecraft:dirt":461,"galosphere:raw_silver":4,"minecraft:diorite":1,"minecraft:cornflower":2,"minecraft:wooden_axe":1,"tombstone:grave_dust":3,"minecraft:string":1,"alexsmobs:raccoon_tail":1,"minecraft:bone":9,"minecraft:dandelion":6,"minecraft:gravel":1,"regions_unexplored:pine_log":12,"minecraft:sugar_cane":4,"minecraft:stone_sword":1,"alexsmobs:animal_dictionary":2,"minecraft:cobbled_deepslate":12,"minecraft:wheat":3,"minecraft:stone_shovel":3,"minecraft:rotten_flesh":1,"minecraft:oak_planks":8,"autumnity:maple_sapling":5,"minecraft:filled_map":1,"autumnity:red_maple_sapling":4,"biomesoplenty:fir_planks":633,"ecologics:coconut_husk":10,"minecraft:andesite":1,"minecraft:beetroot_seeds":2,"minecraft:mossy_stone_bricks":1,"minecraft:wooden_shovel":1,"minecraft:stone_pickaxe":1,"minecraft:bow":1,"minecraft:red_sand":1,"ecologics:seashell":1},"minecraft:killed":{"alexsmobs:raccoon":2,"minecraft:spider":5,"minecraft:cod":1,"minecraft:pig":1,"minecraft:salmon":1,"minecraft:sheep":4,"minecraft:zombie":4,"minecraft:cow":3,"mowziesmobs:naga":1},"minecraft:crafted":{"minecraft:oak_planks":16,"minecraft:stone_shovel":17,"minecraft:barrel":2,"mowziesmobs:naga_fang_dagger":1,"minecraft:cooked_chicken":1,"minecraft:furnace":1,"minecraft:bone_meal":48,"minecraft:glass":70,"minecraft:bow":1,"biomesoplenty:fir_slab":18,"minecraft:stone_pickaxe":5,"autumnity:maple_planks":60,"minecraft:stone_hoe":2,"minecraft:cooked_beef":6,"minecraft:cooked_cod":1,"minecraft:wooden_shovel":3,"minecraft:crafting_table":1,"farmersdelight:iron_knife":1,"minecraft:wooden_pickaxe":1,"minecraft:cooked_salmon":2,"minecraft:stone_axe":1,"minecraft:bread":14,"biomesoplenty:fir_planks":1687,"minecraft:wooden_hoe":1,"minecraft:stick":20,"minecraft:iron_ingot":7,"minecraft:iron_pickaxe":1,"minecraft:wooden_axe":2,"minecraft:stone_sword":1,"minecraft:white_bed":1,"minecraft:torch":104,"biomesoplenty:fir_door":6},"minecraft:custom":{"minecraft:mob_kills":24,"minecraft:interact_with_crafting_table":70,"minecraft:open_barrel":50,"minecraft:damage_dealt_resisted":31,"minecraft:leave_game":3,"minecraft:time_since_death":3522,"minecraft:climb_one_cm":4141,"minecraft:sprint_one_cm":502348,"minecraft:walk_one_cm":1073386,"minecraft:damage_blocked_by_shield":190,"minecraft:drop":85,"minecraft:play_time":350809,"minecraft:deaths":6,"minecraft:sneak_time":24683,"minecraft:walk_under_water_one_cm":43087,"minecraft:jump":4326,"minecraft:walk_on_water_one_cm":33552,"minecraft:total_world_time":350809,"minecraft:interact_with_furnace":42,"minecraft:sleep_in_bed":20,"minecraft:time_since_rest":1123,"minecraft:damage_taken":5033,"minecraft:damage_dealt":3840,"minecraft:fly_one_cm":781154,"minecraft:swim_one_cm":14843,"minecraft:open_chest":59,"minecraft:crouch_one_cm":95598,"tombstone:undead_killed":4,"minecraft:fall_one_cm":110449},"minecraft:picked_up":{"minecraft:crafting_table":1,"minecraft:wheat":24,"minecraft:allium":12,"autumnity:maple_log":15,"ecologics:seashell":1,"minecraft:oak_stairs":4,"minecraft:enchanted_book":4,"minecraft:shield":1,"minecraft:cornflower":2,"biomesoplenty:fir_door":5,"minecraft:string":15,"minecraft:red_bed":3,"minecraft:iron_shovel":1,"ecologics:walnut_sapling":5,"minecraft:cracked_stone_bricks":1,"minecraft:red_sand":1,"regions_unexplored:pine_log":12,"minecraft:cobbled_deepslate":28,"biomesoplenty:fir_planks":322,"minecraft:beef":6,"minecraft:wooden_shovel":1,"alexsmobs:raccoon_tail":1,"minecraft:lectern":1,"minecraft:sugar_cane":4,"delightful:green_tea_leaf":16,"minecraft:furnace":2,"minecraft:stick":61,"minecraft:raw_iron":16,"autumnity:maple_planks":13,"ecologics:walnut_log":16,"ecologics:coconut_slice":8,"minecraft:torch":22,"minecraft:porkchop":2,"tombstone:grave_dust":4,"minecraft:diorite":3,"minecraft:tnt":1,"minecraft:stone_shovel":2,"minecraft:stone_sword":1,"quark:clear_shard":5,"minecraft:rotten_flesh":2,"minecraft:beetroot_seeds":2,"minecraft:gold_ingot":5,"supplementaries:ash":12,"autumnity:large_pumpkin_slice":4,"minecraft:mutton":6,"minecraft:cod":2,"minecraft:white_wool":11,"minecraft:skeleton_skull":1,"minecraft:rail":40,"minecraft:cobblestone":132,"minecraft:oxeye_daisy":1,"ecologics:walnut":8,"autumnity:red_maple_sapling":4,"minecraft:andesite":1,"minecraft:water_bucket":1,"minecraft:salmon":2,"minecraft:leather":9,"minecraft:potato":3,"biomesoplenty:fir_sapling":100,"biomesoplenty:fir_log":369,"minecraft:tuff":3,"minecraft:oak_log":4,"minecraft:gunpowder":6,"minecraft:cobblestone_stairs":1,"minecraft:lapis_lazuli":9,"minecraft:dirt":2970,"minecraft:bone":17,"minecraft:apple":11,"minecraft:stone_bricks":1,"minecraft:wheat_seeds":107,"minecraft:raw_gold":8,"farmersdelight:pumpkin_slice":51,"minecraft:iron_ingot":2,"tombstone:tablet_of_guard":2,"minecraft:mossy_stone_bricks":1,"minecraft:fletching_table":1,"galosphere:raw_silver":4,"minecraft:powered_rail":1,"minecraft:oak_planks":14,"minecraft:book":76,"minecraft:pumpkin":1,"minecraft:dandelion":6,"minecraft:oak_pressure_plate":1,"minecraft:gravel":3,"minecraft:sand":70,"ecologics:coconut_husk":12,"minecraft:white_bed":3,"minecraft:cyan_bed":3,"quark:oak_chest":1,"minecraft:spider_eye":1,"minecraft:barrel":1,"autumnity:maple_sapling":10,"minecraft:granite":7,"minecraft:emerald":3,"minecraft:bread":1,"tombstone:magic_scroll":1,"minecraft:coal":100,"iceandfire:raw_silver":4}},"DataVersion":3465}