{"stats":{"minecraft:broken":{"minecraft:iron_shovel":1,"minecraft:wooden_shovel":3,"minecraft:stone_pickaxe":4,"minecraft:stone_axe":1,"minecraft:wooden_axe":1,"minecraft:stone_shovel":14,"minecraft:wooden_hoe":1},"minecraft:mined":{"minecraft:white_bed":3,"minecraft:farmland":2,"minecraft:cobblestone_stairs":1,"minecraft:granite":19,"minecraft:grass_block":1440,"minecraft:oxeye_daisy":1,"minecraft:cobbled_deepslate":5,"minecraft:iron_ore":18,"minecraft:fire":2,"minecraft:pumpkin":1,"minecraft:deepslate_lapis_ore":1,"minecraft:oak_stairs":3,"minecraft:deepslate_redstone_ore":6,"minecraft:red_bed":2,"minecraft:torch":11,"delightful:pumpkin_pie":2,"minecraft:poppy":1,"minecraft:melon":1,"minecraft:chest":3,"galosphere:silver_ore":4,"minecraft:glass":3,"minecraft:cobblestone":34,"minecraft:sugar_cane":1,"minecraft:cyan_bed":2,"minecraft:oak_planks":9,"minecraft:wall_torch":9,"farmersdelight:sandy_shrub":1,"minecraft:powered_rail":1,"ecologics:seashell":1,"minecraft:wheat":29,"biomesoplenty:fir_log":3,"minecraft:grass":471,"minecraft:oak_log":31,"minecraft:sand":156,"minecraft:dirt":1019,"minecraft:deepslate":101,"autumnity:large_pumpkin_slice":2,"minecraft:tuff":5,"iceandfire:silver_ore":2,"minecraft:deepslate_diamond_ore":3,"minecraft:allium":12,"minecraft:cartography_table":2,"minecraft:redstone_ore":1,"minecraft:furnace":2,"minecraft:andesite":6,"treechop:chopped_log":6,"biomesoplenty:fir_door":5,"minecraft:deepslate_iron_ore":31,"minecraft:vine":2,"minecraft:rail":41,"crittersandcompanions:silk_cocoon":1,"minecraft:stone":299,"minecraft:oak_slab":3,"autumnity:carved_large_pumpkin_slice":1,"quark:oak_chest":1,"minecraft:dandelion":2,"minecraft:oak_fence":2,"autumnity:maple_planks":1,"minecraft:crafting_table":2,"minecraft:cornflower":1,"biomesoplenty:fir_planks":91,"minecraft:lectern":2,"minecraft:tall_grass":75,"minecraft:deepslate_coal_ore":2,"minecraft:lapis_ore":1,"minecraft:deepslate_gold_ore":3,"minecraft:diorite":7,"supplementaries:urn":9,"minecraft:coal_ore":100,"minecraft:gravel":11,"minecraft:cobweb":11,"minecraft:cracked_stone_bricks":1,"minecraft:stone_bricks":1,"minecraft:mossy_stone_bricks":1,"minecraft:gold_ore":5},"minecraft:picked_up":{"minecraft:wheat":105,"autumnity:maple_log":15,"minecraft:oak_stairs":7,"minecraft:enchanted_book":5,"minecraft:string":38,"minecraft:red_sand":1,"regions_unexplored:pine_log":12,"minecraft:cobbled_deepslate":110,"biomesoplenty:fir_planks":334,"minecraft:wooden_shovel":1,"minecraft:iron_pickaxe":2,"alexsmobs:raccoon_tail":1,"minecraft:melon_slice":3,"delightful:green_tea_leaf":16,"minecraft:furnace":2,"minecraft:stick":61,"autumnity:maple_planks":13,"ecologics:walnut_log":16,"minecraft:oak_fence":2,"minecraft:torch":27,"minecraft:porkchop":2,"tombstone:grave_dust":6,"minecraft:diorite":7,"minecraft:stone_sword":1,"quark:clear_shard":5,"minecraft:rotten_flesh":5,"supplementaries:ash":12,"minecraft:cod":2,"minecraft:cobblestone":345,"ecologics:walnut":8,"minecraft:feather":2,"minecraft:water_bucket":1,"minecraft:andesite":6,"minecraft:potato":3,"biomesoplenty:fir_sapling":104,"biomesoplenty:fir_log":369,"minecraft:flint":2,"minecraft:tuff":5,"minecraft:dirt":2983,"minecraft:lapis_lazuli":9,"autumnity:carved_large_pumpkin_slice":1,"minecraft:bone":20,"minecraft:wheat_seeds":275,"minecraft:raw_gold":8,"farmersdelight:pumpkin_slice":85,"minecraft:mossy_stone_bricks":1,"minecraft:fletching_table":1,"minecraft:powered_rail":1,"galosphere:raw_silver":4,"minecraft:oak_planks":14,"regions_unexplored:pine_sapling":2,"minecraft:oak_pressure_plate":1,"minecraft:sand":134,"ecologics:coconut_husk":12,"securitycraft:reinforced_stone":55,"minecraft:cyan_bed":3,"minecraft:barrel":1,"minecraft:diamond":3,"autumnity:maple_sapling":10,"minecraft:granite":34,"minecraft:bread":2,"minecraft:emerald":6,"iceandfire:raw_silver":4,"minecraft:crafting_table":1,"minecraft:allium":12,"ecologics:seashell":1,"minecraft:shield":1,"minecraft:cornflower":2,"minecraft:red_bed":3,"biomesoplenty:fir_door":5,"minecraft:iron_shovel":1,"ecologics:walnut_sapling":5,"graveyard:corruption":1,"minecraft:cracked_stone_bricks":1,"minecraft:cartography_table":2,"minecraft:beef":8,"minecraft:lectern":2,"minecraft:sugar_cane":4,"minecraft:chest":3,"minecraft:raw_iron":49,"securitycraft:reinforced_cobblestone":28,"ecologics:coconut_slice":8,"minecraft:bowl":1,"minecraft:cookie":3,"minecraft:redstone":22,"minecraft:tnt":1,"minecraft:arrow":13,"minecraft:stone_shovel":2,"minecraft:beetroot_seeds":2,"crittersandcompanions:silk":5,"minecraft:gold_ingot":5,"autumnity:large_pumpkin_slice":4,"minecraft:mutton":6,"minecraft:rail":40,"minecraft:skeleton_skull":1,"minecraft:white_wool":11,"minecraft:oxeye_daisy":1,"autumnity:red_maple_sapling":4,"minecraft:salmon":2,"minecraft:leather":11,"minecraft:oak_log":29,"minecraft:gunpowder":6,"regions_unexplored:salmon_poppy_bush":1,"minecraft:cobblestone_stairs":1,"minecraft:apple":11,"minecraft:stone_bricks":1,"minecraft:rabbit_hide":2,"minecraft:iron_ingot":2,"tombstone:tablet_of_guard":2,"securitycraft:universal_block_reinforcer_lvl1":1,"minecraft:book":76,"minecraft:oak_slab":5,"minecraft:pumpkin":1,"minecraft:dandelion":6,"minecraft:gravel":31,"minecraft:white_bed":3,"quark:oak_chest":1,"minecraft:spider_eye":2,"minecraft:pumpkin_seeds":4,"tombstone:magic_scroll":1,"minecraft:coal":131,"minecraft:ender_pearl":2},"minecraft:used":{"minecraft:iron_shovel":336,"minecraft:chest":3,"minecraft:shield":37,"minecraft:iron_sword":80,"autumnity:large_pumpkin_slice":2,"minecraft:mutton":6,"securitycraft:keypad_item":1,"minecraft:tuff":5,"minecraft:glass":75,"mowziesmobs:naga_fang_dagger":5,"biomesoplenty:fir_sapling":23,"autumnity:maple_planks":19,"minecraft:iron_helmet":1,"minecraft:stone_bricks":1,"delightful:green_tea_leaf":19,"supplementaries:ash":1,"minecraft:furnace":9,"minecraft:cooked_cod":1,"autumnity:red_maple_sapling":4,"minecraft:beetroot_seeds":2,"minecraft:potato":6,"more_bows_and_arrows:iron_bow":15,"minecraft:diorite":2,"minecraft:stone_pickaxe":526,"minecraft:wooden_pickaxe":11,"biomesoplenty:fir_planks":1310,"tombstone:tablet_of_guard":1,"farmersdelight:pumpkin_slice":83,"minecraft:cookie":6,"minecraft:pumpkin_seeds":32,"minecraft:melon_slice":3,"minecraft:cyan_bed":3,"minecraft:bread":24,"minecraft:lectern":1,"minecraft:gravel":2,"ecologics:coconut_slice":10,"minecraft:andesite":5,"minecraft:bone_meal":48,"minecraft:stone_sword":118,"minecraft:stone_shovel":2126,"minecraft:wooden_shovel":194,"minecraft:cooked_salmon":2,"minecraft:stone_hoe":110,"minecraft:cooked_chicken":1,"minecraft:torch":135,"minecraft:dirt":1106,"minecraft:granite":7,"minecraft:wooden_axe":139,"minecraft:iron_axe":11,"minecraft:barrel":3,"minecraft:melon_seeds":3,"minecraft:beef":1,"ecologics:walnut":8,"tombstone:gift":6,"minecraft:cooked_beef":6,"minecraft:cobbled_deepslate":72,"minecraft:pumpkin":1,"minecraft:iron_leggings":1,"minecraft:wheat_seeds":127,"farmersdelight:iron_knife":4,"minecraft:water_bucket":22,"minecraft:cartography_table":2,"minecraft:cracked_stone_bricks":1,"minecraft:crafting_table":3,"minecraft:red_bed":3,"minecraft:white_bed":4,"minecraft:cod":1,"minecraft:wooden_hoe":62,"minecraft:apple":9,"minecraft:iron_pickaxe":211,"tombstone:magic_scroll":7,"minecraft:stone_axe":128,"minecraft:cobblestone":36,"biomesoplenty:fir_door":10,"minecraft:porkchop":2,"minecraft:bucket":22,"quark:oak_chest":3,"alexsmobs:animal_dictionary":1},"minecraft:dropped":{"biomesoplenty:fir_log":15,"securitycraft:reinforced_stone_button":10,"farmersdelight:pumpkin_slice":2,"minecraft:cookie":7,"ecologics:walnut_sapling":1,"minecraft:leather":6,"minecraft:fletching_table":1,"biomesoplenty:fir_sapling":56,"minecraft:cod":1,"minecraft:emerald":6,"minecraft:cobblestone_stairs":1,"minecraft:dirt":476,"minecraft:stone_button":1,"minecraft:cornflower":2,"minecraft:iron_pickaxe":2,"alexsmobs:raccoon_tail":1,"minecraft:bone":9,"minecraft:gravel":15,"minecraft:sugar_cane":4,"alexsmobs:animal_dictionary":2,"minecraft:cobbled_deepslate":12,"minecraft:wheat":3,"minecraft:rotten_flesh":2,"minecraft:oak_planks":8,"autumnity:maple_sapling":5,"minecraft:skeleton_skull":1,"minecraft:beetroot_seeds":2,"ecologics:coconut_husk":10,"minecraft:water_bucket":1,"minecraft:enchanted_book":2,"minecraft:bread":2,"minecraft:wheat_seeds":37,"minecraft:tnt":1,"autumnity:large_pumpkin_slice":2,"minecraft:feather":2,"tombstone:tablet_of_guard":1,"minecraft:cobblestone":6,"minecraft:book":12,"minecraft:granite":18,"regions_unexplored:pine_sapling":2,"minecraft:mushroom_stew":2,"minecraft:oxeye_daisy":1,"galosphere:raw_silver":4,"minecraft:diorite":5,"regions_unexplored:salmon_poppy_bush":1,"minecraft:wooden_axe":1,"tombstone:grave_dust":5,"minecraft:string":1,"minecraft:dandelion":6,"securitycraft:reinforced_stone":29,"regions_unexplored:pine_log":12,"minecraft:stone_sword":1,"minecraft:stone_shovel":3,"farmersdelight:cabbage_seeds":2,"minecraft:filled_map":1,"autumnity:red_maple_sapling":4,"biomesoplenty:fir_planks":633,"minecraft:andesite":1,"minecraft:mossy_stone_bricks":1,"minecraft:wooden_shovel":1,"minecraft:spider_eye":2,"minecraft:bow":1,"minecraft:red_sand":1,"minecraft:stone_pickaxe":1,"securitycraft:universal_block_reinforcer_lvl1":1,"ecologics:seashell":1},"minecraft:custom":{"minecraft:interact_with_crafting_table":110,"minecraft:open_barrel":91,"goblintraders:trade_with_goblin":3,"minecraft:leave_game":9,"minecraft:time_since_death":127328,"minecraft:sprint_one_cm":738720,"minecraft:damage_blocked_by_shield":1330,"minecraft:drop":119,"minecraft:play_time":496357,"minecraft:deaths":7,"minecraft:jump":6269,"minecraft:walk_on_water_one_cm":52892,"minecraft:interact_with_furnace":86,"minecraft:sleep_in_bed":27,"minecraft:damage_dealt":8245,"minecraft:crouch_one_cm":117039,"tombstone:undead_killed":13,"tombstone:villager_killed":1,"minecraft:mob_kills":44,"minecraft:damage_dealt_resisted":31,"minecraft:climb_one_cm":7380,"minecraft:walk_one_cm":1488024,"minecraft:sneak_time":31259,"minecraft:walk_under_water_one_cm":50766,"minecraft:total_world_time":496357,"minecraft:time_since_rest":4462,"minecraft:damage_taken":6485,"minecraft:swim_one_cm":33478,"minecraft:fly_one_cm":1145590,"minecraft:open_chest":135,"minecraft:fall_one_cm":144623},"minecraft:killed":{"minecraft:spider":8,"minecraft:cod":1,"minecraft:skeleton":4,"minecraft:pig":1,"minecraft:salmon":1,"minecraft:sheep":4,"minecraft:zombie":9,"alexsmobs:terrapin":1,"mca:male_villager":1,"minecraft:cow":4,"mowziesmobs:naga":1,"graveyard:nightmare":1,"alexsmobs:raccoon":2,"crittersandcompanions:otter":1,"minecraft:enderman":3},"minecraft:crafted":{"minecraft:oak_planks":44,"minecraft:barrel":2,"minecraft:cooked_chicken":1,"minecraft:stone":56,"securitycraft:keypad_item":2,"minecraft:heavy_weighted_pressure_plate":2,"connectedglass:borderless_glass":4,"securitycraft:laser_block":1,"minecraft:glass":99,"minecraft:bow":1,"minecraft:iron_boots":1,"biomesoplenty:fir_slab":18,"autumnity:maple_planks":60,"minecraft:stone_hoe":2,"minecraft:wooden_shovel":3,"minecraft:emerald":3,"minecraft:crafting_table":2,"farmersdelight:iron_knife":1,"securitycraft:reinforced_stone_button":26,"minecraft:wooden_pickaxe":1,"minecraft:iron_helmet":1,"biomesoplenty:fir_planks":1687,"minecraft:wooden_hoe":1,"minecraft:iron_chestplate":1,"minecraft:stick":32,"quark:oak_chest":3,"minecraft:iron_ingot":29,"minecraft:iron_pickaxe":1,"minecraft:stone_sword":1,"minecraft:gold_ingot":1,"securitycraft:universal_block_reinforcer_lvl1":1,"biomesoplenty:fir_door":6,"minecraft:stone_shovel":17,"mowziesmobs:naga_fang_dagger":1,"minecraft:furnace":7,"minecraft:stone_button":1,"minecraft:bone_meal":48,"minecraft:glass_pane":16,"minecraft:iron_axe":1,"minecraft:stone_pickaxe":5,"minecraft:cooked_beef":6,"minecraft:cooked_cod":1,"minecraft:iron_sword":1,"minecraft:cooked_salmon":2,"minecraft:bucket":1,"minecraft:stone_axe":1,"more_bows_and_arrows:iron_bow":1,"minecraft:bread":37,"minecraft:wooden_axe":3,"minecraft:iron_shovel":1,"minecraft:iron_leggings":1,"minecraft:white_bed":1,"minecraft:torch":108}},"DataVersion":3465}