{"stats":{"minecraft:custom":{"minecraft:time_since_rest":2274,"minecraft:sprint_one_cm":26178,"minecraft:damage_taken":238,"minecraft:walk_one_cm":56705,"minecraft:mob_kills":4,"minecraft:damage_dealt":320,"minecraft:interact_with_crafting_table":9,"minecraft:fly_one_cm":19740,"minecraft:crouch_one_cm":421,"minecraft:play_time":29194,"minecraft:sneak_time":98,"minecraft:jump":182,"minecraft:time_since_death":29194,"minecraft:sleep_in_bed":2,"minecraft:total_world_time":29194,"minecraft:fall_one_cm":6112},"minecraft:used":{"minecraft:wooden_axe":4,"minecraft:stone_shovel":35,"minecraft:stone_pickaxe":13,"minecraft:wooden_pickaxe":11,"biomesoplenty:fir_planks":118,"minecraft:mutton":6,"biomesoplenty:fir_door":1,"minecraft:crafting_table":1,"minecraft:furnace":1,"minecraft:white_bed":1},"minecraft:picked_up":{"minecraft:stick":18,"autumnity:maple_log":4,"biomesoplenty:fir_log":121,"biomesoplenty:fir_sapling":25,"minecraft:dirt":51,"minecraft:wheat_seeds":5,"autumnity:maple_sapling":5,"biomesoplenty:fir_planks":6,"delightful:green_tea_leaf":6,"minecraft:mutton":6,"minecraft:coal":5,"minecraft:white_wool":4,"minecraft:cobblestone":14},"minecraft:crafted":{"biomesoplenty:fir_planks":188,"minecraft:stone_shovel":1,"minecraft:crafting_table":1,"minecraft:wooden_pickaxe":1,"minecraft:stone_pickaxe":1,"minecraft:wooden_axe":1,"autumnity:maple_planks":16,"minecraft:furnace":1,"minecraft:white_bed":1,"biomesoplenty:fir_door":3},"minecraft:mined":{"treechop:chopped_log":2,"minecraft:grass":9,"minecraft:coal_ore":5,"minecraft:grass_block":44,"biomesoplenty:fir_planks":6,"minecraft:dirt":8,"minecraft:tall_grass":10,"minecraft:stone":14},"minecraft:killed":{"minecraft:sheep":4}},"DataVersion":3465}