{"stats":{"minecraft:custom":{"minecraft:interact_with_furnace":3,"minecraft:mob_kills":9,"minecraft:interact_with_crafting_table":12,"minecraft:time_since_death":21938,"minecraft:sleep_in_bed":4,"minecraft:time_since_rest":15930,"minecraft:sprint_one_cm":73096,"minecraft:damage_taken":1068,"minecraft:walk_one_cm":159126,"minecraft:drop":10,"minecraft:damage_dealt":892,"minecraft:fly_one_cm":101858,"minecraft:open_chest":3,"minecraft:play_time":65194,"minecraft:crouch_one_cm":3061,"minecraft:deaths":1,"minecraft:sneak_time":1009,"minecraft:walk_under_water_one_cm":2374,"minecraft:jump":709,"minecraft:walk_on_water_one_cm":3988,"minecraft:total_world_time":65194,"minecraft:fall_one_cm":24101},"minecraft:used":{"minecraft:stone_shovel":426,"minecraft:stone_pickaxe":24,"minecraft:wooden_pickaxe":11,"biomesoplenty:fir_planks":118,"minecraft:cooked_chicken":1,"minecraft:dirt":79,"minecraft:mutton":6,"minecraft:crafting_table":2,"minecraft:white_bed":2,"minecraft:wooden_axe":28,"minecraft:cyan_bed":1,"biomesoplenty:fir_door":1,"minecraft:furnace":2,"minecraft:porkchop":2,"alexsmobs:animal_dictionary":1,"minecraft:potato":6},"minecraft:broken":{"minecraft:stone_shovel":2},"minecraft:picked_up":{"minecraft:crafting_table":1,"autumnity:maple_log":4,"minecraft:leather":2,"minecraft:oak_stairs":2,"minecraft:potato":3,"biomesoplenty:fir_sapling":50,"biomesoplenty:fir_log":121,"minecraft:oak_log":4,"minecraft:cobblestone_stairs":1,"minecraft:dirt":387,"biomesoplenty:fir_door":1,"minecraft:red_bed":1,"minecraft:bone":8,"minecraft:apple":11,"minecraft:wheat_seeds":15,"regions_unexplored:pine_log":12,"biomesoplenty:fir_planks":70,"minecraft:beef":3,"delightful:green_tea_leaf":6,"minecraft:sugar_cane":2,"minecraft:oak_planks":4,"minecraft:furnace":1,"minecraft:stick":18,"minecraft:gravel":2,"minecraft:porkchop":2,"minecraft:white_bed":2,"minecraft:cyan_bed":1,"autumnity:maple_sapling":5,"minecraft:bread":1,"minecraft:mutton":6,"iceandfire:raw_silver":2,"minecraft:coal":15,"minecraft:white_wool":4,"minecraft:cobblestone":14},"minecraft:crafted":{"minecraft:stone_shovel":3,"minecraft:crafting_table":1,"minecraft:wooden_pickaxe":1,"minecraft:cooked_chicken":1,"minecraft:furnace":1,"biomesoplenty:fir_planks":188,"minecraft:stone_pickaxe":1,"minecraft:wooden_axe":1,"autumnity:maple_planks":16,"minecraft:white_bed":1,"biomesoplenty:fir_door":3},"minecraft:dropped":{"minecraft:gravel":1,"alexsmobs:animal_dictionary":2,"biomesoplenty:fir_sapling":25,"minecraft:cobblestone_stairs":1,"minecraft:filled_map":1,"biomesoplenty:fir_planks":128,"minecraft:wooden_axe":1,"alexsmobs:raccoon_tail":1},"minecraft:mined":{"minecraft:white_bed":2,"iceandfire:silver_ore":2,"minecraft:red_bed":1,"minecraft:cobblestone_stairs":1,"minecraft:crafting_table":1,"minecraft:grass_block":278,"biomesoplenty:fir_planks":6,"minecraft:tall_grass":36,"minecraft:oak_planks":3,"minecraft:sugar_cane":1,"minecraft:furnace":1,"treechop:chopped_log":2,"minecraft:grass":70,"biomesoplenty:fir_door":1,"minecraft:coal_ore":5,"minecraft:oak_log":4,"minecraft:gravel":1,"minecraft:dirt":98,"minecraft:stone":15},"minecraft:killed":{"minecraft:pig":1,"alexsmobs:raccoon":1,"minecraft:sheep":4,"minecraft:cow":2}},"DataVersion":3465}